순위,서명,저자,출판사,출판년도,권,ISBN,ISBN부가기호,KDC,대출건수,year
1,엄마를 부탁해 :신경숙 장편소설 ,지은이: 신경숙,창비,2008,,9.78894E+12,3810,813.7,"18,466",2010
2,(조선의 마지막 황녀) 덕혜옹주 :권비영 장편소설 ,지은이: 권비영,다산북스,2010,,9.78896E+12,3810,813.7,"12,993",2010
3,"그건, 사랑이었네 :한비야 에세이 ",지은이: 한비야,푸른숲,2009,,9.78897E+12,3810,818,"12,409",2010
4,도가니 :공지영 장편소설 ,지은이: 공지영,창비,2009,,9.78894E+12,3810,813.6,"10,660",2010
5,1Q84 :무라카미 하루키 장편소설,지은이: 무라카미 하루키 ;옮긴이: 양윤옥,문학동네,2009-2010,1,9.78895E+12,4830,833.6,"9,670",2010
6,1Q84 :무라카미 하루키 장편소설,지은이: 무라카미 하루키 ;옮긴이: 양윤옥,문학동네,2009-2010,2,9.78895E+12,4830,833.6,"9,184",2010
7,신 :베르나르 베르베르 장편소설,베르나르 베르베르 [지음] ;이세욱 옮김,열린책들,2008-2009,1,9.78893E+12,4860,863,"8,899",2010
8,천년의 금서 :김진명 장편소설 ,지은이: 김진명,새움출판사,2009,,9.78899E+12,3810,813.6,"8,403",2010
9,(이외수의 생존법) 하악하악 ,정태련이 그리고 ;이외수가 쓰다,해냄출판사,2008,,9.78897E+12,3810,818,"8,103",2010
10,즐거운 나의 집 :공지영 장편소설 ,공지영,푸른숲,2007,,9.78897E+12,3810,813.6,"7,909",2010
11,규장각 각신들의 나날 :정은궐 장편소설,지은이: 정은궐,파란미디어,2009,1,9.78896E+12,4810,813.6,"7,429",2010
12,너는 모른다 :정이현 장편소설 ,지은이: 정이현,문학동네,2009,,9.78895E+12,3810,813.7,"7,420",2010
13,아주 가벼운 깃털 하나 :공지영 에세이 ,공지영,한겨레출판,2009,,9.78898E+12,3810,814.6,"7,260",2010
14,4개의 통장 :평범한 사람이 목돈을 만드는 가장 빠른 시스템 ,고경호 지음,다산북스,2009,,9.78899E+12,3320,327.04,"7,110",2010
15,아이의 사생활 =Discovering a child ,EBS 제작팀 지음,지식채널,2009,,9.78895E+12,13590,598.1,"7,078",2010
16,규장각 각신들의 나날 :정은궐 장편소설,지은이: 정은궐,파란미디어,2009,2,9.78896E+12,4810,813.6,"7,037",2010
17,구해줘:기욤 뮈소 장편소설,기욤 뮈소 지음;윤미연 옮김,밝은세상,2006,,9.78898E+12,3860,863,"6,946",2010
18,지도 밖으로 행군하라=Marching off the map,한비야 지음,푸른숲,2005,,9.78897E+12,3810,816.6,"6,862",2010
19,신 :베르나르 베르베르 장편소설,베르나르 베르베르 [지음] ;이세욱 옮김,열린책들,2008-2009,2,9.78893E+12,4860,863,"6,801",2010
20,죽은 왕녀를 위한 파반느 =박민규 장편소설 /Pavane pour une infante d?funte ,지은이: 박민규,위즈덤하우스,2009,,9.78896E+12,3810,813.6,"6,684",2010
21,청춘 불패 :이외수의 소생법 ,지은이:이외수 ;그린이: 정태련,해냄출판사,2009,,9.78897E+12,3810,814.6,"6,576",2010
22,(네가 어떤 삶을 살든) 나는 너를 응원할 것이다 :공지영 산문 ,공지영,오픈하우스,2008,,9.789E+12,3800,814.6,"6,468",2010
23,시크릿,지은이: 론다 번;옮긴이: 김우열,살림출판사,2007,,9.78895E+12,3320,189,"6,419",2010
24,로스트 심벌,댄 브라운 지음 ;안종설 옮김,문학수첩,2009,1,9.78898E+12,4840,843,"6,401",2010
25,"공무도하 :사랑아, 강을 건너지 마라 ",지은이: 김훈,문학동네,2009,,9.78895E+12,3810,813.6,"6,356",2010
26,살아온 기적 살아갈 기적 :장영희 에세이 ,장영희,샘터사,2009,,9.78895E+12,3810,814.6,"6,294",2010
27,나쁜 사마리아인들:장하준의 경제학 파노라마,장하준 지음;이순희 옮김,부키,2007,,9.78896E+12,3320,326.211,"6,293",2010
28,박사가 사랑한 수식,오가와 요코 지음;김난주 옮김,이레,2004,,9.78896E+12,3830,833.6,"6,181",2010
29,달콤한 나의 도시:정이현 장편소설,지은이: 정이현,문학과지성사,2006,,9.78893E+12,3810,813.6,"6,108",2010
30,공중그네:오쿠다 히데오 장편소설,오쿠다 히데오 지음;이영미 옮김,은행나무,2005,,9.78896E+12,3830,833.6,"6,084",2010
31,"지금 사랑하지 않는 자, 모두 유죄 :노희경 에세이 ",저자: 노희경,헤르메스미디어,2008,,9.789E+12,3810,814.6,"5,988",2010
32,어디선가 나를 찾는 전화벨이 울리고 :신경숙 장편소설 ,지은이: 신경숙,문학동네,2010,,9.78895E+12,3810,813.7,"5,961",2010
33,신 :베르나르 베르베르 장편소설,베르나르 베르베르 [지음] ;이세욱 옮김,열린책들,2008-2009,3,9.78893E+12,4860,863,"5,865",2010
34,당신 없는 나는? :기욤 뮈소 장편소설 ,지은이: 기욤 뮈소 ;옮긴이: 허지은,밝은세상,2009,,9.78898E+12,3860,863,"5,807",2010
35,개밥바라기별 :황석영 소설 ,황석영,문학동네,2008,,9.78895E+12,3810,813.6,"5,754",2010
36,브레이킹 던 :스테프니 메이어 장편소설 ,지은이: 스테프니 메이어 ;옮긴이: 윤정숙,미래엔컬처그룹,2009,,9.78894E+12,3840,843,"5,675",2010
37,삼성을 생각한다 ,글쓴이: 김용철,사회평론,2010,,9.78896E+12,3320,324.12,"5,669",2010
38,"줄리어스, 어디 있니? ",글·그림: 존 버닝햄 ;옮김: 김정희,현북스,2013,,9.789E+12,77840,843,"5,636",2010
39,죽을 때 후회하는 스물다섯 가지 :1000명의 죽음을 지켜본 호스피스 전문의가 말하는 ,오오츠 슈이치 지음 ;황소연 옮김,21세기북스,2010,,9.78895E+12,3180,182.3,"5,539",2010
40,아웃라이어 :성공의 기회를 발견한 사람들 ,말콤 글래드웰 [지음] ;노정태 옮김,김영사,2009,,9.78893E+12,3320,325.04,"5,486",2010
41,로스트 심벌,댄 브라운 지음 ;안종설 옮김,문학수첩,2009,2,9.78898E+12,4840,843,"5,445",2010
42,이클립스 :스테프니 메이어 장편소설 ,지은이: 스테프니 메이어 ;옮긴이: 윤정숙,북폴리오,2008,,9.78894E+12,3840,843,"5,388",2010
43,뉴문 :스테프니 메이어 장편소설 ,스테프니 메이어 [지음] ;변용란 옮김,대한교과서,2008,,9.78894E+12,3840,843,"5,363",2010
43,공부하는 독종이 살아남는다 ,이시형 지음,중앙북스,2009,,9.78896E+12,3320,373.4,"5,363",2010
45,시골의사의 부자경제학:경제 원리에 숨겨진 부자들의 투자 비밀,박경철 지음,웅진씽크빅,2006,,9.7889E+12,3320,327.8,"5,321",2010
46,친절한 복희씨 :박완서 소설집 ,박완서,문학과지성사,2007,,9.78893E+12,3810,813.6,"5,311",2010
46,파라다이스,베르나르 베르베르 지음 ;임희근 옮김,열린책들,2010,1,9.78893E+12,4860,863,"5,311",2010
48,서른 살이 심리학에게 묻다 :대한민국 30대를 위한 심리치유카페 ,김혜남 지음,웅진씽크빅,2008,,9.7889E+12,3180,186.5,"5,302",2010
49,"괜찮다, 다 괜찮다 :공지영이 당신께 보내는 위로와 응원 ","공지영,지승호 지음",알마,2008,,9.78899E+12,3810,813.609,"5,295",2010
50,용의자 X의 헌신,히가시노 게이고 지음;양억관 옮김,현대문학,2006,,9.78897E+12,3830,833.6,"5,291",2010
51,신 :베르나르 베르베르 장편소설,베르나르 베르베르 [지음] ;이세욱 옮김,열린책들,2008-2009,4,9.78893E+12,4860,863,"5,236",2010
52,사랑을 찾아 돌아오다 :기욤 뮈소 장편소설 ,기욤 뮈소 [지음] ;김남주 옮김,밝은세상,2008,,9.78898E+12,3860,863,"5,141",2010
53,상실의 시대 :무라카미 하루키 장편소설 ,지은이: 무라카미 하루키 ;옮긴이: 유유정,문학사상사,2008,,9.78897E+12,3830,833.6,"5,138",2010
54,사랑하기 때문에 :기욤 뮈소 장편소설 ,기욤 뮈소 [지음] ;전미연 옮김,밝은세상,2007,,9.78898E+12,3860,863,"5,132",2010
55,넛지 :똑똑한 선택을 이끄는 힘 ,"리처드 탈러,안진환 옮김",웅진씽크빅,2009,,9.7889E+12,3320,321.89,"5,083",2010
56,꿈꾸는 다락방:생생하게 꿈꾸면 이루어진다,이지성 지음,국일출판사,2007,,9.78897E+12,3320,325.04,"5,045",2010
57,식객,허영만 글·그림,김영사,2003-2010,23,9.78893E+12,7810,813.6,"4,984",2010
58,"당신, 거기 있어줄래요?:기욤 뮈소 장편소설",기욤 뮈소 [지음];전미연 옮김,밝은세상,2007,,9.78898E+12,3860,863,"4,967",2010
59,오 해피 데이 ,오쿠다 히데오 지음 ;김난주 옮김,재인,2009,,9.78899E+12,3830,833.6,"4,958",2010
60,심리학이 서른 살에게 답하다 :서른 살의 강을 현명하게 건너는 52가지 방법 ,김혜남 지음,웅진씽크빅,2009,,9.7889E+12,3180,186.5,"4,940",2010
61,신 :베르나르 베르베르 장편소설,베르나르 베르베르 [지음] ;이세욱 옮김,열린책들,2008-2009,5,9.78893E+12,4860,863,"4,927",2010
62,식객,허영만 글·그림,김영사,2003-2010,24,9.78893E+12,7810,813.6,"4,870",2010
63,바리데기 :황석영 장편소설 ,지은이: 황석영,창비,2007,,9.78894E+12,3810,813.62,"4,852",2010
64,우리들의 행복한 시간,공지영,푸른숲,2005,,9.78897E+12,3810,,"4,822",2010
65,"김연아의 7분 드라마 :스무 살 김연아, 그 열정과 도전의 기록 ",글: 김연아,JDM중앙출판사,2010,,9.78895E+12,3810,818,"4,813",2010
66,시원스쿨 기초영어법 ,이시원 지음,웅진씽크빅,2009,,9.7889E+12,13740,747.5,"4,796",2010
67,신 :베르나르 베르베르 장편소설,베르나르 베르베르 [지음] ;이세욱 옮김,열린책들,2008-2009,6,9.78893E+12,4860,863,"4,787",2010
68,식객,허영만 글·그림,김영사,2003-2010,22,9.78893E+12,7810,813.6,"4,758",2010
69,식객,허영만 글·그림,김영사,2003-2010,25,9.78893E+12,7810,813.6,"4,729",2010
70,책 읽어주는 남자,베른하르트 슐링크 지음;김재혁 옮김,이레,2004,,9.78896E+12,3850,853,"4,697",2010
71,1026 :김진명 장편소설 ,지은이: 김진명,새움출판사,2010,,9.78899E+12,3810,813.7,"4,678",2010
72,범인 없는 살인의 밤 ,히가시노 게이고 지음 ;유성원 옮김,랜덤하우스코리아,2009,,9.78893E+12,3830,833.6,"4,648",2010
73,화폐전쟁 ,쑹훙빙 지음 ;차혜정 옮김,랜덤하우스코리아,2008,,9.78893E+12,3320,327.209,"4,635",2010
74,아름다운 마무리 ,법정,문학의숲,2008,,9.789E+12,3810,220.4,"4,584",2010
75,완득이 :김려령 장편소설 ,김려령,창비,2008,,9.78894E+12,3810,813.6,"4,567",2010
76,성녀의 구제 :히가시노 게이고 장편 소설 ,지은이: 히가시노 게이고 ;옮긴이: 김난주,재인,2009,,9.78899E+12,3830,833.6,"4,563",2010
77,바보처럼 공부하고 천재처럼 꿈꿔라:반기문 유엔 사무총장이 세계의 청소년에게 전하는 꿈과 희망의 메시지,신웅진 지음,명진출판,2007,,9.78898E+12,3810,818,"4,528",2010
78,해리포터와 죽음의 성물,조앤 K 롤링 지음 ;최인자 옮김,문학수첩,2007,71,9.78898E+12,4840,843,"4,511",2010
79,연금술사,파울로 코엘료 지음;최정수 옮김,문학동네,2001,,9.78898E+12,3860,879,"4,461",2010
80,트와일라잇 :스테프니 메이어 장편소설 ,스테프니 메이어 [지음] ;변용란 옮김,대한교과서,2008,,9.78894E+12,3840,843,"4,446",2010
81,미실:김별아 장편소설,김별아 지음,문이당,2005,,9.78897E+12,3810,813.6,"4,443",2010
82,남한산성:김훈 장편소설,김훈,학고재,2007,,9.78896E+12,3810,813.6,"4,430",2010
83,백야행 :히가시노 게이고 장편소설,지은이: 히가시노 게이고 ;옮긴이: 정태원,태동출판사,2009,1,9.78898E+12,4830,833.6,"4,381",2010
84,파피용:베르나르 베르베르 장편소설,베르나르 베르베르 [지음];전미연 옮김,열린책들,2007,,9.78893E+12,3860,863,"4,366",2010
85,예지몽 :히가시노 게이고 소설 ,지은이: 히가시노 게이고 ;옮긴이: 양억관,재인,2011,,9.78899E+12,3830,833.6,"4,346",2010
86,청춘의 독서 :세상을 바꾼 위험하고 위대한 생각들 ,유시민 지음,웅진씽크빅,2009,,9.7889E+12,3810,29.1,"4,293",2010
87,모방범:미야베 미유키 장편소설,미야베 미유키 [지음];양억관 옮김,문학동네,2006,1,9.78895E+12,4830,833.6,"4,288",2010
88,해리포터와 죽음의 성물,조앤 K 롤링 지음 ;최인자 옮김,문학수첩,2007,72,9.78898E+12,4840,843,"4,281",2010
89,틀려도 괜찮아,마키타 신지 글;유문조 옮김,토토북,2006,,9.78899E+12,77830,833.6,"4,271",2010
90,흐르는 강물처럼 =Like the flowing river ,파울로 코엘료 지음 ;박경희 옮김,문학동네,2008,,9.78895E+12,3890,879,"4,267",2010
91,양육쇼크 :아이들에 대한 새로운 생각 ,"포 브론슨,이주혜 옮김",물푸레,2009,,9.78898E+12,13590,598.1,"4,227",2010
92,식객,허영만 글·그림,김영사,2003-2010,20,9.78893E+12,7810,813.6,"4,224",2010
93,식객,허영만 글·그림,김영사,2003-2010,18,9.78893E+12,7810,813.6,"4,214",2010
94,식객,허영만 글·그림,김영사,2003-2010,21,9.78893E+12,7810,813.6,"4,199",2010
95,파라다이스,베르나르 베르베르 지음 ;임희근 옮김,열린책들,2010,2,9.78893E+12,4860,863,"4,186",2010
96,아불류 시불류 :이외수의 비상법 ,지은이: 이외수 ;그린이: 정태련,해냄,2010,,9.78897E+12,3810,814.62,"4,150",2010
97,위저드 베이커리 =구병모 장편소설 /Wizard bakery ,지은이: 구병모,창비,2009,,9.78894E+12,3810,813.7,"4,146",2010
98,무소유,법정,범우사,2005,,9.78891E+12,3810,220.4,"4,124",2010
99,개인의 취향,이새인 지음,청어람,2007,,9.78893E+12,3810,813.6,"4,102",2010
100,성균관 유생들의 나날:정은궐 장편소설,정은궐,파란미디어,2007,2,9.78899E+12,4810,813.6,"4,087",2010
101,꼴,허영만 글·그림,위즈덤하우스,2008-2010,2,9.78896E+12,7810,188.1,"4,040",2010
102,혼창통 :당신은 이 셋을 가졌는가? ,이지훈 지음,쌤앤파커스,2010,,9.78899E+12,3320,325.24,"4,032",2010
103,해리포터와 죽음의 성물,조앤 K 롤링 지음 ;최인자 옮김,문학수첩,2007,74,9.78898E+12,4840,843,"3,999",2010
104,고백 :미나토 가나에 장편소설 ,지은이: 미나토 가나에 ;옮긴이: 김선영,비채,2009,,9.78899E+12,3830,833.6,"3,978",2010
105,빨간 장화 ,에쿠니 가오리 지음 ;신유희 옮김,태일소담,2010,,9.78897E+12,3830,833.6,"3,973",2010
106,아내가 결혼했다:박현욱 장편소설,박현욱,문이당,2006,,9.78897E+12,3810,813.6,"3,964",2010
107,사랑 후에 오는 것들,지은이: 공지영,소담출판사,2006,,9.78897E+12,4810,813.6,"3,960",2010
107,나는 아내와의 결혼을 후회한다 :영원히 철들지 않는 남자들의 문화심리학 ,김정운,에스에이엠티유,2009,,9.78899E+12,3180,182.2,"3,960",2010
109,다이어트의 여왕 :백영옥 장편소설 ,지은이: 백영옥,문학동네,2009,,9.78895E+12,3810,813.6,"3,959",2010
110,정의란 무엇인가 ,저자: 마이클 샌델 ;역자: 이창신,김영사,2010,,9.78893E+12,3330,193,"3,950",2010
111,꼴,허영만 글·그림,위즈덤하우스,2008-2010,1,9.78896E+12,7810,188.1,"3,944",2010
112,해리포터와 죽음의 성물,조앤 K 롤링 지음 ;최인자 옮김,문학수첩,2007,73,9.78898E+12,4840,843,"3,942",2010
113,회랑정回廊亭 살인사건 :히가시노 게이고 장편소설 ,히가시노 게이고 지음 ;임경화 옮김,랜덤하우스코리아,2008,,9.78893E+12,3830,833.6,"3,923",2010
114,현영의 재테크 다이어리 :재테크 전문가도 깜짝 놀란 현영의 재테크 비법 ,현영 지음,청림출판,2008,,9.78894E+12,3320,327.04,"3,920",2010
115,성균관 유생들의 나날:정은궐 장편소설,정은궐,파란미디어,2007,1,9.78899E+12,4810,813.6,"3,909",2010
116,강아지똥 ,글: 권정생 ;그림: 정승각,길벗어린이,2012,,9.78899E+12,77810,813.6,"3,896",2010
117,천 개의 찬란한 태양 ,할레드 호세이니 지음 ;왕은철 옮김,현대문학,2007,,9.78897E+12,3840,843,"3,890",2010
118,세상에서 제일 힘센 수탉 ,글쓴이: 이호백 ;그린이: 이억배,재미마주,1997,,9.78899E+12,77810,813.6,"3,887",2010
119,내 심장을 쏴라 :정유정 장편소설 ,지은이: 정유정,은행나무,2009,,9.78896E+12,3810,813.6,"3,878",2010
120,성균관 유생들의 나날 :정은궐 장편소설,지은이: 정은궐,파란미디어,2009,1,9.78896E+12,4810,813.6,"3,874",2010
121,수상한 사람들 ,히가시노 게이고 지음 ;윤성원 옮김,랜덤하우스코리아,2009,,9.78893E+12,3830,833.6,"3,867",2010
122,책만 보는 바보:이덕무와 그의 벗들 이야기,안소영 지음;강남미 그림,보림출판사,2005,,9.78894E+12,73810,813.6,"3,846",2010
123,1Q84 :무라카미 하루키 장편소설,지은이: 무라카미 하루키 ;옮긴이: 양윤옥,문학동네,2009-2010,3,9.78895E+12,4830,833.6,"3,842",2010
124,내 통장 사용설명서 :통장 7개로 시작하는 세상에서 제일 쉬운 재테크 ,이천 지음,웅진씽크빅,2009,,9.7889E+12,3320,327.04,"3,822",2010
125,성균관 유생들의 나날 :정은궐 장편소설,지은이: 정은궐,파란미디어,2009,2,9.78896E+12,4810,813.6,"3,813",2010
126,식객,허영만 글·그림,김영사,2003-2010,16,9.78893E+12,7810,813.6,"3,809",2010
127,나무,베르나르 베르베르 지음;이세욱 옮김,열린책들,2003,,9.78893E+12,3860,863,"3,808",2010
128,내 영혼이 따뜻했던 날들,포리스트 카터 지음;조경숙 옮김,아름드리미디어,2003,,9.78899E+12,3840,843,"3,791",2010
129,붉은 손가락,히가시노 게이고 지음;양윤옥 옮김,현대문학,2007,,9.78897E+12,3830,833.6,"3,782",2010
130,식객,허영만 글·그림,김영사,2003-2010,26,9.78893E+12,7810,813.6,"3,769",2010
131,(시골의사의) 주식투자란 무엇인가 ,박경철 지음,웅진씽크빅,2008,1,9.7889E+12,13320,327.856,"3,768",2010
132,위험한 심리학 ,송형석 지음,청림출판,2009,,9.78894E+12,3220,180,"3,767",2010
133,강남몽 :황석영 장편소설 ,지은이: 황석영,창비,2010,,9.78894E+12,3810,813.62,"3,761",2010
134,백야행 :히가시노 게이고 장편소설,지은이: 히가시노 게이고 ;옮긴이: 정태원,태동출판사,2009,2,9.78898E+12,4830,833.6,"3,756",2010
135,백야행 :히가시노 게이고 장편소설,지은이: 히가시노 게이고 ;옮긴이: 정태원,태동출판사,2009,3,9.78898E+12,4830,833.6,"3,753",2010
136,두발자전거 배우기 ,글: 고대영 ;그림: 김영진,길벗어린이,2009,,9.78896E+12,77810,813.6,"3,750",2010
137,옛날에 내가 죽은 집 :히가시노 게이고 장편소설 ,히가시노 게이고 [지음] ;이영미 옮김,창해,2008,,9.78898E+12,3830,833.6,"3,741",2010
138,고령화 가족 :천명관 장편소설 ,지은이: 천명관,문학동네,2010,,9.78895E+12,3810,813.7,"3,721",2010
139,명탐정의 규칙 ,지은이: 히가시노 게이고 ;옮긴이: 이혁재,재인,2010,,9.78899E+12,3830,833.6,"3,714",2010
140,리진=신경숙 장편소설.Lee Jin,신경숙,문학동네,2007,1,9.78895E+12,4810,813.6,"3,713",2010
141,동급생 :히가시노 게이고 장편소설 ,히가시노 게이고 [지음] ;신경립 옮김,창해,2008,,9.78898E+12,3830,833.6,"3,699",2010
142,손톱 깨물기 ,글: 고대영 ;그림: 김영진,길벗어린이,2008,,9.78896E+12,77810,813.6,"3,698",2010
143,식객,허영만 글·그림,김영사,2003-2010,19,9.78893E+12,7810,813.6,"3,696",2010
144,마시멜로 이야기,"호아킴 데 포사다,정지영 옮김",한국경제신문,2006,,9.78895E+12,3320,325.04,"3,685",2010
145,식객,허영만 글·그림,김영사,2003-2010,17,9.78893E+12,7810,813.6,"3,684",2010
146,탐정 갈릴레오 :히가시노 게이고 소설 ,지은이: 히가시노 게이고 ;옮긴이: 양억관,재인,2008,,9.78899E+12,3830,833.6,"3,674",2010
147,악의 :히가시노 게이고 장편소설 ,히가시노 게이고 [지음] ;양윤옥 옮김,현대문학,2008,,9.78897E+12,3830,833.6,"3,655",2010
148,(EBS) 60분 부모 :스스로 공부하는 아이로 키우는 자녀교육서 ,"김미라,최정금 지음",경향미디어,2007,,9.78899E+12,3370,598.58,"3,635",2010
149,"나나의 네버엔딩 스토리 :미스코리아 진 금나나가 하버드에서 배운 도전과 열정, 희망의 공식 ","금나나,최지현",김영사,2008,,9.78893E+12,3810,818,"3,634",2010
150,지금당장 경제공부 시작하라 ,최진기 지음,한빛비즈,2009,,9.789E+12,13320,320,"3,603",2010
151,11문자 살인사건,하가시노 게이고 지음;민경욱 옮김,랜덤하우스코리아,2007,,9.78893E+12,3830,833.6,"3,594",2010
152,세계의 끝 여자친구 :김연수 소설 ,지은이: 김연수,문학동네,2009,,9.78895E+12,3810,813.6,"3,592",2010
153,눈먼 자들의 도시,주제 사라마구 지음;정영목 옮김,해냄출판사,2002,,9.78897E+12,3890,879,"3,572",2010
154,영어천재가 된 홍대리 :6개월 만에 영어천재가 된 홍 대리의 특급비밀 ,박정원 지음,다산북스,2009,,9.78899E+12,3320,740.7,"3,562",2010
155,손 큰 할머니의 만두 만들기 ,글: 채인선 ;그림: 이억배,재미마주,1998,,9.78899E+12,73810,813.6,"3,544",2010
156,(온 세상이 추격하는 한 남자) 골든 슬럼버 =이사카 코타로 장편소설 /Golden slumber ,이사카 코타로 [지음] ;김소영 옮김,웅진씽크빅,2008,,9.7889E+12,3830,833.6,"3,536",2010
157,"(달콤한 육아, 편안한 교육, 행복한 삶을 배우는) 엄마학교",서형숙 지음,토토북,2006,,9.78899E+12,3370,598.1,"3,533",2010
158,꼴,허영만 글·그림,위즈덤하우스,2008-2010,3,9.78896E+12,7810,188.1,"3,529",2010
159,좋은 이별 :김형경 애도 심리 에세이 ,지은이: 김형경,푸른숲,2009,,9.78897E+12,3810,814.6,"3,527",2010
160,한반도의 공룡 =Koreanosaurus,"글·그림: EBS,올리브 스튜디오",킨더랜드,2009,1,9.78896E+12,74470,457,"3,524",2010
160,교통경찰의 밤 :히가시노 게이고 소설집 ,히가시노 게이고 ;이선희 옮김,바움,2010,,9.78896E+12,3830,833.6,"3,524",2010
162,(최인호의) 인연 :최인호 에세이 ,지은이: 최인호 ;사진: 백종하,랜덤하우스코리아,2010,,9.78893E+12,3810,814.62,"3,522",2010
163,(시골의사의) 주식투자란 무엇인가 ,박경철 지음,웅진씽크빅,2008,2,9.7889E+12,14320,327.856,"3,509",2010
164,참 서툰 사람들 :always bright! smile again! ,지은이: 박광수,웅진씽크빅,2009,,9.7889E+12,3810,818,"3,498",2010
165,아기성장 보고서 =EBS 특별기획 다큐멘터리 /Baby growth report ,EBS〈아기성장보고서〉제작팀 지음,위즈덤하우스,2009,,9.78896E+12,3590,598.122,"3,489",2010
166,(21세기)먼나라 이웃나라,이원복 글·그림,김영사,2003-2004,10,9.78893E+12,77940,909,"3,479",2010
167,Why? 나라의 시작 ,글: 이근 ;그림: 극동만화연구소,예림당,2009,1,9.78893E+12,73910,911,"3,469",2010
168,똥벼락,김회경 글;조혜란 그림,사계절출판사,2001,,9.78897E+12,77850,813.6,"3,465",2010
169,로드 :코맥 매카시 장편소설 ,코맥 매카시 [지음] ;정영목 옮김,문학동네,2008,,9.78895E+12,3840,843,"3,462",2010
170,사냥꾼을 만난 꼬마곰 ,앤서니 브라운 글·그림 ;공경희 옮김,웅진씽크빅,2015,,9.7889E+12,74840,843,"3,438",2010
171,배려:마음을 움직이는 힘,한상복 지음,위즈덤하우스,2006,,9.78899E+12,3332,325.04,"3,427",2010
172,뚱딴지 명언 산책,김우영 글.그림,재능출판,1997,,9.78898E+12,77810,199.1,"3,419",2010
173,스눕 :상대를 꿰뚫어보는 힘 ,샘 고슬링 지음 ;김선아 옮김,한국경제신문 한경BP,2010,,9.78895E+12,3320,181.3,"3,415",2010
174,방과 후=After school,히가시노 게이고 지음;구혜영 옮김,창해,2007,,9.78898E+12,3830,833.6,"3,410",2010
175,이혜영의 뷰티 바이블 =(The) beauty bible ,이혜영,살림출판사,2009,,9.78895E+12,13590,593.2,"3,396",2010
176,만희네 집,글·그림: 권윤덕,길벗어린이,2006,,9.78899E+12,77810,813.6,"3,373",2010
177,구름빵,글·그림: 백희나;빛그림: 김향수,한솔교육,2006,,9.78895E+12,74800,813.6,"3,360",2010
178,지식ⓔ :가슴으로 읽는 우리시대의 智識,EBS 지식채널ⓔ 지음,북하우스,2007,2,9.78896E+12,3810,1,"3,359",2010
179,고래 :천명관 장편소설 ,천명관 지음,문학동네,2004(2009쇄,,9.78898E+12,3810,813.7,"3,355",2010
180,인생사용설명서 - 단 한 번뿐인 삶을 위한 일곱 가지 물음,김홍신,해냄,2009,,9.78897E+12,3810,,"3,351",2010
181,유성의 인연 :히가시노 게이고 장편소설,히가시노 게이고 [지음] ;양윤옥 옮김,현대문학,2009,1,9.78897E+12,3830,833.6,"3,344",2010
182,듀이 :세계를 감동시킨 도서관 고양이 ,"비키 마이런,배유정 옮김",웅진씽크빅,2009,,9.7889E+12,3840,848,"3,339",2010
183,내가 가장 예뻤을 때 :공선옥 장편소설 ,지은이: 공선옥,문학동네,2009,,9.78895E+12,3810,813.6,"3,336",2010
184,이혜영의 패션 바이블 =(The) fashion bible ,지은이: 이혜영,살림출판사,2009,,9.78895E+12,13590,592.01,"3,327",2010
185,난장이가 쏘아올린 작은 공:조세희 소설집,조세희,이성과 힘,2000,,9.789E+12,3810,813.6,"3,306",2010
186,지식ⓔ,EBS 지식채널ⓔ 지음,북하우스 퍼블리셔스,2009,4,9.78896E+12,3810,1,"3,305",2010
187,지성에서 영성으로 ,이어령 지음 ;키타미 타카시 그림,열림원,2010,,9.78897E+12,3840,234.8,"3,293",2010
188,밥상머리의 작은 기적 :내 아이의 미래를 결정짓는 밥상머리 교육의 비밀 ,SBS 스페셜 제작팀 지음 ;송현숙 엮음,웅진씽크빅,2010,,9.7889E+12,13590,598.1,"3,272",2010
189,('독한 것'들의) 진짜 다이어트 ,셀러오 지음,한국경제신문 한경BP,2009,,9.78895E+12,13510,517.52,"3,268",2010
190,여자도 여자를 모른다:이외수의 소통법,정태련이 그리고;이외수가 쓰다,해냄출판사,2007,,9.78897E+12,3810,818,"3,267",2010
191,지하철을 타고서,글: 고대영;그림:김영진,길벗어린이,2006,,9.78896E+12,77810,813.6,"3,265",2010
192,Why? 삼국의 경쟁 ,글: 이근 ;그림: 극동만화연구소,예림당,2009,2,9.78893E+12,73910,911,"3,257",2010
192,오늘의 거짓말:정이현 소설집,정이현,문학과지성사,2007,,9.78893E+12,3810,813.6,"3,257",2010
194,(쓰는 순간 인생이 바뀌는) 조혜련의 미래일기 ,지은이: 조혜련,위즈덤하우스,2009,,9.78896E+12,3320,818,"3,256",2010
195,도깨비를 빨아 버린 우리 엄마,사토 와키코,한림출판사,1991,,9.78897E+12,77890,,"3,255",2010
196,책 먹는 여우,프란치스카 비어만 지음;김경연 옮김,김영사,2001,,9.78893E+12,73850,853,"3,251",2010
196,(21세기)먼나라 이웃나라,이원복 글·그림,김영사,2003-2004,11,9.78893E+12,77940,909,"3,251",2010
198,아름다운 흉기 :히가시노 게이고 장편소설 / ,히가시노 게이고 [지음] ;민경욱 옮김,랜덤하우스코리아,2008,,9.78893E+12,3830,833.6,"3,248",2010
199,거짓말 ,글: 고대영 ;그림: 김영진,길벗어린이,2009,,9.78896E+12,77810,813.6,"3,239",2010
200,도쿄타워=Tokyo tower,에쿠니 가오리 지음;신유희 옮김,소담출판사,2005,,9.78897E+12,3830,833.6,"3,233",2010
1,엄마를 부탁해 :신경숙 장편소설 ,지은이: 신경숙,창비,2008,,9.78894E+12,3810,813.7,"19,765",2011
2,(조선의 마지막 황녀) 덕혜옹주 :권비영 장편소설 ,지은이: 권비영,다산북스,2010,,9.78896E+12,3810,813.7,"13,090",2011
3,도가니 :공지영 장편소설 ,지은이: 공지영,창비,2009,,9.78894E+12,3810,813.6,"12,284",2011
4,아프니까 청춘이다 :인생 앞에 홀로 선 젊은 그대에게 ,김난도 지음,쌤앤파커스,2010,,9.78897E+12,3810,199.5,"11,997",2011
5,정의란 무엇인가 ,저자: 마이클 샌델 ;역자: 이창신,김영사,2010,,9.78893E+12,3330,193,"11,314",2011
6,1Q84 :무라카미 하루키 장편소설,지은이: 무라카미 하루키 ;옮긴이: 양윤옥,문학동네,2009-2010,3,9.78895E+12,4830,833.6,"10,132",2011
7,어디선가 나를 찾는 전화벨이 울리고 :신경숙 장편소설 ,지은이: 신경숙,문학동네,2010,,9.78895E+12,3810,813.7,"10,078",2011
8,1Q84 :무라카미 하루키 장편소설,지은이: 무라카미 하루키 ;옮긴이: 양윤옥,문학동네,2009-2010,1,9.78895E+12,4830,833.6,"10,065",2011
9,즐거운 나의 집 :공지영 장편소설 ,공지영,푸른숲,2007,,9.78897E+12,3810,813.6,"8,766",2011
10,규장각 각신들의 나날 :정은궐 장편소설,지은이: 정은궐,파란미디어,2009,1,9.78896E+12,4810,813.6,"8,736",2011
11,공지영의 지리산 행복학교 ,지은이: 공지영,오픈하우스,2010,,9.78899E+12,3810,814.7,"8,610",2011
12,생각 버리기 연습 ,코이케 류노스케 지음 ;유윤한 옮김,북이십일 21세기북스,2010,,9.78895E+12,3400,224.3,"8,536",2011
13,1Q84 :무라카미 하루키 장편소설,지은이: 무라카미 하루키 ;옮긴이: 양윤옥,문학동네,2009-2010,2,9.78895E+12,4830,833.6,"8,497",2011
14,허수아비춤 :조정래 장편소설 ,지은이: 조정래,문학의문학,2010,,9.78894E+12,3810,813.62,"8,432",2011
15,못 가본 길이 더 아름답다 :박완서 산문집 ,지은이: 박완서,현대문학,2010,,9.78897E+12,3810,814.62,"8,306",2011
16,"그들이 말하지 않는 23가지 :장하준, 더 나은 자본주의를 말하다 ",장하준 지음 ;안세민 옮김,부키,2010,,9.78896E+12,3320,322.01,"8,285",2011
17,규장각 각신들의 나날 :정은궐 장편소설,지은이: 정은궐,파란미디어,2009,2,9.78896E+12,4810,813.6,"8,073",2011
18,종이 여자 :기욤 뮈소 장편소설 ,지은이: 기욤 뮈소 ;옮긴이: 전미연,밝은세상,2010,,9.78898E+12,3860,863,"8,014",2011
19,"그건, 사랑이었네 :한비야 에세이 ",지은이: 한비야,푸른숲,2009,,9.78897E+12,3810,818,"7,776",2011
20,박사가 사랑한 수식,오가와 요코 지음;김난주 옮김,이레,2004,,9.78896E+12,3830,833.6,"7,771",2011
21,브리다 :파울로 코엘료 장편소설 ,지은이: 파울로 코엘료 ;옮긴이: 권미선,문학동네,2010,,9.78895E+12,3890,879,"7,764",2011
22,신 :베르나르 베르베르 장편소설,베르나르 베르베르 [지음] ;이세욱 옮김,열린책들,2008-2009,1,9.78893E+12,4860,863,"7,604",2011
23,빅 픽처 :더글라스 케네디 장편소설 ,지은이: 더글라스 케네디 ;옮긴이: 조동섭,밝은 세상,2010,,9.78898E+12,3840,843.5,"7,594",2011
24,천년의 금서 :김진명 장편소설 ,지은이: 김진명,새움출판사,2009,,9.78899E+12,3810,813.6,"7,172",2011
25,리딩으로 리드하라 =세상을 지배하는 0.1퍼센트의 인문고전 독서법 /Reading lead ,이지성 지음,문학동네,2010,,9.78895E+12,3320,29.4,"7,142",2011
26,고구려 :김진명 역사소설,지은이: 김진명,새움출판사,2011-2016,1,9.78899E+12,3810,813.7,"7,081",2011
27,백설공주에게 죽음을 ,넬레 노이하우스 지음 ;김진아 옮김,북로드,2011,,9.78899E+12,3850,853,"7,066",2011
28,구해줘:기욤 뮈소 장편소설,기욤 뮈소 지음;윤미연 옮김,밝은세상,2006,,9.78898E+12,3860,863,"6,978",2011
29,"3년 후, 세계는 그리고 한국은 :기회에 주목하고 생존에 도전하라 ",공병호 지음,북이십일 21세기북스,2008,,9.78895E+12,13320,321.97,"6,862",2011
30,나쁜 사마리아인들:장하준의 경제학 파노라마,장하준 지음;이순희 옮김,부키,2007,,9.78896E+12,3320,326.211,"6,798",2011
31,완득이 :김려령 장편소설 ,김려령,창비,2008,,9.78894E+12,3810,813.6,"6,783",2011
32,고구려 :김진명 역사소설,지은이: 김진명,새움출판사,2011-2016,2,9.78899E+12,3810,813.7,"6,758",2011
33,바보 빅터 :17년 동안 바보로 살았던 멘사 회장의 이야기 ,"지은이: 호아킴 데 포사다,레이먼드 조",한국경제신문 한경BP,2018,,9.78895E+12,13840,848,"6,603",2011
34,파라다이스,베르나르 베르베르 지음 ;임희근 옮김,열린책들,2010,1,9.78893E+12,4860,863,"6,547",2011
35,7년의 밤 :정유정 장편소설 ,지은이: 정유정,은행나무,2011,,9.78896E+12,3810,813.7,"6,472",2011
36,소년을 위로해줘 :은희경 장편소설 ,지은이: 은희경,문학동네,2010,,9.78895E+12,3810,813.7,"6,414",2011
37,(네가 어떤 삶을 살든) 나는 너를 응원할 것이다 :공지영 산문 ,공지영,오픈하우스,2008,,9.789E+12,3800,814.6,"6,362",2011
38,(이외수의 생존법) 하악하악 ,정태련이 그리고 ;이외수가 쓰다,해냄출판사,2008,,9.78897E+12,3810,818,"6,249",2011
39,강남몽 :황석영 장편소설 ,지은이: 황석영,창비,2010,,9.78894E+12,3810,813.62,"6,213",2011
40,아주 가벼운 깃털 하나 :공지영 에세이 ,공지영,한겨레출판,2009,,9.78898E+12,3810,814.6,"6,160",2011
41,아이의 사생활 =Discovering a child ,EBS 제작팀 지음,지식채널,2009,,9.78895E+12,13590,598.1,"6,119",2011
42,시골의사의 부자경제학:경제 원리에 숨겨진 부자들의 투자 비밀,박경철 지음,웅진씽크빅,2006,,9.7889E+12,3320,327.8,"6,050",2011
43,카산드라의 거울 :베르나르 베르베르 장편소설,지은이: 베르나르 베르베르 ;옮긴이: 임호경,열린책들,2010,1,9.78893E+12,4860,863,"6,015",2011
44,죽은 왕녀를 위한 파반느 =박민규 장편소설 /Pavane pour une infante d?funte ,지은이: 박민규,위즈덤하우스,2009,,9.78896E+12,3810,813.6,"5,923",2011
45,친절한 복희씨 :박완서 소설집 ,박완서,문학과지성사,2007,,9.78893E+12,3810,813.6,"5,907",2011
46,지도 밖으로 행군하라=Marching off the map,한비야 지음,푸른숲,2005,,9.78897E+12,3810,816.6,"5,824",2011
47,그 후에 :기욤 뮈소 장편소설 ,지은이: 기욤 뮈소 ;옮긴이: 전미연,밝은세상,2010,,9.78898E+12,3860,863,"5,677",2011
48,김제동이 만나러 갑니다 :살맛나는 세상을 꿈꾸며 ,지은이: 김제동,위즈덤하우스,2011,,9.789E+12,3810,818,"5,653",2011
49,우리들의 행복한 시간,공지영,푸른숲,2005,,9.78897E+12,3810,,"5,639",2011
50,고구려 :김진명 역사소설,지은이: 김진명,새움출판사,2011-2016,3,9.78899E+12,3810,813.7,"5,632",2011
51,4개의 통장 :평범한 사람이 목돈을 만드는 가장 빠른 시스템 ,고경호 지음,다산북스,2009,,9.78899E+12,3320,327.04,"5,611",2011
52,명탐정의 규칙 ,지은이: 히가시노 게이고 ;옮긴이: 이혁재,재인,2010,,9.78899E+12,3830,833.6,"5,519",2011
53,꿈꾸는 다락방:생생하게 꿈꾸면 이루어진다,이지성 지음,국일출판사,2007,,9.78897E+12,3320,325.04,"5,511",2011
54,"괜찮다, 다 괜찮다 :공지영이 당신께 보내는 위로와 응원 ","공지영,지승호 지음",알마,2008,,9.78899E+12,3810,813.609,"5,506",2011
55,너는 모른다 :정이현 장편소설 ,지은이: 정이현,문학동네,2009,,9.78895E+12,3810,813.7,"5,496",2011
56,그냥 =박칼린 에세이 /Just stories ,지은이: 박칼린,달,2010,,9.78899E+12,3810,818,"5,458",2011
57,당신 없는 나는? :기욤 뮈소 장편소설 ,지은이: 기욤 뮈소 ;옮긴이: 허지은,밝은세상,2009,,9.78898E+12,3860,863,"5,407",2011
58,1026 :김진명 장편소설 ,지은이: 김진명,새움출판사,2010,,9.78899E+12,3810,813.7,"5,363",2011
59,상실의 시대 :무라카미 하루키 장편소설 ,지은이: 무라카미 하루키 ;옮긴이: 유유정,문학사상사,2008,,9.78897E+12,3830,833.6,"5,354",2011
60,스님의 주례사 :행복한 결혼생활을 위한 남녀 마음 이야기 ,법륜 지음 ;김점선 그림,한겨레출판,2010,,9.78898E+12,3810,591.8,"5,262",2011
61,탐정 클럽 :히가시노 게이고 소설 ,지은이: 히가시노 게이고 ;옮긴이: 양억관,웅진씽크빅,2010,,9.7889E+12,3830,833.6,"5,206",2011
62,신 :베르나르 베르베르 장편소설,베르나르 베르베르 [지음] ;이세욱 옮김,열린책들,2008-2009,2,9.78893E+12,4860,863,"5,204",2011
63,성균관 유생들의 나날 :정은궐 장편소설,지은이: 정은궐,파란미디어,2009,1,9.78896E+12,4810,813.6,"5,201",2011
64,공중그네:오쿠다 히데오 장편소설,오쿠다 히데오 지음;이영미 옮김,은행나무,2005,,9.78896E+12,3830,833.6,"5,196",2011
65,식객,허영만 글·그림,김영사,2003-2010,27,9.78893E+12,7810,813.6,"5,137",2011
66,고백 :미나토 가나에 장편소설 ,지은이: 미나토 가나에 ;옮긴이: 김선영,비채,2009,,9.78899E+12,3830,833.6,"5,136",2011
67,성균관 유생들의 나날 :정은궐 장편소설,지은이: 정은궐,파란미디어,2009,2,9.78896E+12,4810,813.6,"5,058",2011
68,나는 아내와의 결혼을 후회한다 :영원히 철들지 않는 남자들의 문화심리학 ,김정운,에스에이엠티유,2009,,9.78899E+12,3180,182.2,"5,001",2011
69,"당신, 거기 있어줄래요?:기욤 뮈소 장편소설",기욤 뮈소 [지음];전미연 옮김,밝은세상,2007,,9.78898E+12,3860,863,"4,999",2011
70,사랑하기 때문에 :기욤 뮈소 장편소설 ,기욤 뮈소 [지음] ;전미연 옮김,밝은세상,2007,,9.78898E+12,3860,863,"4,970",2011
71,뿌리 깊은 나무 :이정명 장편소설 ,이정명,밀리언하우스,2007,1,9.78899E+12,4810,813.6,"4,957",2011
72,"줄리어스, 어디 있니? ",글·그림: 존 버닝햄 ;옮김: 김정희,현북스,2013,,9.789E+12,77840,843,"4,913",2011
73,달콤한 나의 도시:정이현 장편소설,지은이: 정이현,문학과지성사,2006,,9.78893E+12,3810,813.6,"4,905",2011
74,청춘 불패 :이외수의 소생법 ,지은이:이외수 ;그린이: 정태련,해냄출판사,2009,,9.78897E+12,3810,814.6,"4,893",2011
75,카산드라의 거울 :베르나르 베르베르 장편소설,지은이: 베르나르 베르베르 ;옮긴이: 임호경,열린책들,2010,2,9.78893E+12,4860,863,"4,874",2011
76,아웃라이어 :성공의 기회를 발견한 사람들 ,말콤 글래드웰 [지음] ;노정태 옮김,김영사,2009,,9.78893E+12,3320,325.04,"4,865",2011
77,꿈의 도시 :오쿠다 히데오 장편소설 ,지은이: 오쿠다 히데오 ;옮긴이: 양윤옥,은행나무,2010,,9.78896E+12,3830,833.6,"4,852",2011
78,시크릿,지은이: 론다 번;옮긴이: 김우열,살림출판사,2007,,9.78895E+12,3320,189,"4,845",2011
79,용의자 X의 헌신,히가시노 게이고 지음;양억관 옮김,현대문학,2006,,9.78897E+12,3830,833.6,"4,808",2011
80,아불류 시불류 :이외수의 비상법 ,지은이: 이외수 ;그린이: 정태련,해냄,2010,,9.78897E+12,3810,814.62,"4,790",2011
81,브레이킹 던 :스테프니 메이어 장편소설 ,지은이: 스테프니 메이어 ;옮긴이: 윤정숙,미래엔컬처그룹,2009,,9.78894E+12,3840,843,"4,770",2011
82,내 심장을 쏴라 :정유정 장편소설 ,지은이: 정유정,은행나무,2009,,9.78896E+12,3810,813.6,"4,749",2011
82,다잉 아이 =Dying eye ,히가시노 게이고 지음 ;김난주 옮김,재인,2010,,9.78899E+12,3830,833.6,"4,749",2011
84,로스트 심벌,댄 브라운 지음 ;안종설 옮김,문학수첩,2009,1,9.78898E+12,4840,843,"4,736",2011
85,스무살에 알았더라면 좋았을 것들 :스탠포드대 미래인생 보고서 ,티나 실리그 지음 ;이수경 옮김,웅진씽크빅,2010,,9.7889E+12,3320,181.53,"4,713",2011
86,식객,허영만 글·그림,김영사,2003-2010,26,9.78893E+12,7810,813.6,"4,689",2011
86,혼창통 :당신은 이 셋을 가졌는가? ,이지훈 지음,쌤앤파커스,2010,,9.78899E+12,3320,325.24,"4,689",2011
88,사랑을 찾아 돌아오다 :기욤 뮈소 장편소설 ,기욤 뮈소 [지음] ;김남주 옮김,밝은세상,2008,,9.78898E+12,3860,863,"4,678",2011
89,연금술사,파울로 코엘료 지음;최정수 옮김,문학동네,2001,,9.78898E+12,3860,879,"4,657",2011
90,서른 살엔 미처 몰랐던 것들 :죽어라 결심과 후회만 반복하는 그럼에도 한 발 한 발 내딛어 보려는 소심하고 서툰 청춘들에게 ,김선경 지음,웅진씽크빅,2010,,9.7889E+12,3810,199.1,"4,626",2011
91,"나는 아직, 어른이 되려면 멀었다 :청춘의 밤을 꿈을 사랑을 이야기하다 ",강세형 지음,김영사,2010,,9.78893E+12,3810,814.7,"4,619",2011
92,(부자 아빠 기요사키가 말하는) 부자들의 음모 ,로버트 기요사키 지음 ;윤영삼 옮김,흐름출판,2010,,9.78899E+12,3320,327.04,"4,616",2011
93,스눕 :상대를 꿰뚫어보는 힘 ,샘 고슬링 지음 ;김선아 옮김,한국경제신문 한경BP,2010,,9.78895E+12,3320,181.3,"4,606",2011
94,(존 가트맨·최성애 박사의) 내 아이를 위한 감정코칭 ,"지은이: 존 가트맨,조벽",한국경제신문 한경BP,2011,,9.78895E+12,13590,598.1,"4,578",2011
95,현명한 부모는 아이의 마음을 먼저 읽는다,주정일;김중석 그림,샘터사,2006,13,9.78895E+12,4370,598.1,"4,548",2011
96,위트 상식사전:비범하고 기발하고 유쾌한 반전,롤프 브레드니히 지음;이관용 그림,보누스,2006,,9.78899E+12,3000,858,"4,535",2011
97,내 젊은 날의 숲 :김훈 장편소설 ,지은이: 김훈,문학동네,2010,,9.78895E+12,3810,813.7,"4,533",2011
97,달콤한 작은 거짓말 =Sweet little lies ,에쿠니 가오리 지음 ;신유희 옮김,태일소담,2010,,9.78897E+12,3830,833.6,"4,533",2011
99,최후의 경전 :김진명 장편소설 ,지은이: 김진명,새움출판사,2010,,9.78899E+12,3810,813.7,"4,484",2011
100,세상에서 제일 힘센 수탉 ,글쓴이: 이호백 ;그린이: 이억배,재미마주,1997,,9.78899E+12,77810,813.6,"4,434",2011
101,파라다이스,베르나르 베르베르 지음 ;임희근 옮김,열린책들,2010,2,9.78893E+12,4860,863,"4,423",2011
102,공부는 내 인생에 대한 예의다 ,이형진 지음,쌤앤파커스,2011,,9.78897E+12,3810,373,"4,418",2011
103,"지금 사랑하지 않는 자, 모두 유죄 :노희경 에세이 ",저자: 노희경,헤르메스미디어,2008,,9.789E+12,3810,814.6,"4,417",2011
104,심리의 마스터=To read people,천칭위 지음;김하나 옮김,부글북스,2006,,9.789E+12,3180,182.2,"4,410",2011
105,식객,허영만 글·그림,김영사,2003-2010,25,9.78893E+12,7810,813.6,"4,406",2011
106,"(아침3분, 아름다워지는 습관)호흡다이어트",니시하라 가츠나리 지음;이근아 옮김,넥서스Books,2004,,9.78896E+12,13510,512.57,"4,401",2011
107,코끼리에게 날개 달아주기 :이외수의 감성산책 ,이외수가 쓰고 ;박경진이 그리다,해냄출판사,2011,,9.78897E+12,3810,818,"4,384",2011
108,(한눈에 보는) 만화 성경개관=신약편/(A)survey of the Bible,백금산 글;김종두 그림,부흥과개혁사,2007,,9.78896E+12,3230,233.5,"4,376",2011
109,식객,허영만 글·그림,김영사,2003-2010,23,9.78893E+12,7810,813.6,"4,344",2011
110,두근두근 내 인생 :김애란 장편소설 ,지은이: 김애란,창비,2011,,9.78894E+12,3810,813.7,"4,335",2011
111,피카소=Pablo Picasso,지엔씨 미디어 [편],지엔씨 미디어,2006,,9.78899E+12,73600,653,"4,332",2011
112,서른과 마흔 사이 :30대에 이루지 못하면 평생 후회하는 70가지 ,오구라 히로시 지음 ;박혜령 옮김,토네이도미디어그룹,2010,,9.78899E+12,13320,325.04,"4,318",2011
113,갈릴레오의 고뇌 ,히가시노 게이고 지음 ;양억관 옮김,재인,2010,,9.78899E+12,3830,833.6,"4,316",2011
114,식객,허영만 글·그림,김영사,2003-2010,24,9.78893E+12,7810,813.6,"4,307",2011
115,(손지연 장편소설)드보아의 장미,손지연 지음,이가서,2005,2,9.78896E+12,4810,813.6,"4,286",2011
116,빌 브라이슨 발칙한 유럽산책 :발칙한 글쟁이의 의외로 훈훈한 여행기 ,빌 브라이슨 지음 ;권상미 옮김,북이십일 21세기북스,2008,,9.78895E+12,3840,982.02,"4,262",2011
117,삼성을 생각한다 ,글쓴이: 김용철,사회평론,2010,,9.78896E+12,3320,324.12,"4,255",2011
118,사랑 후에 오는 것들,지은이: 공지영,소담출판사,2006,,9.78897E+12,4810,813.6,"4,253",2011
119,"멈추지 마, 다시 꿈부터 써봐 :73개의 꿈을 쓰고 세계에 도전하다 ",김수영 지음,웅진지식하우스,2010,,9.7889E+12,3810,818,"4,238",2011
120,자기중심의 인생경영,정연식 지음,웅진씽크빅,2006,,9.7889E+12,13320,325.04,"4,227",2011
121,해리포터와 죽음의 성물,조앤 K 롤링 지음 ;최인자 옮김,문학수첩,2007,71,9.78898E+12,4840,843,"4,226",2011
122,우리집 키친 인테리어:아름다운 집을 위한 특별한 아이디어 100가지,지은이: 슈 로즈;옮긴이: 한유미,아카데미북,2007,,9.78896E+12,13590,595.4,"4,210",2011
123,틀려도 괜찮아,마키타 신지 글;유문조 옮김,토토북,2006,,9.78899E+12,77830,833.6,"4,207",2011
124,모방범:미야베 미유키 장편소설,미야베 미유키 [지음];양억관 옮김,문학동네,2006,1,9.78895E+12,4830,833.6,"4,200",2011
125,서른 살이 심리학에게 묻다 :대한민국 30대를 위한 심리치유카페 ,김혜남 지음,웅진씽크빅,2008,,9.7889E+12,3180,186.5,"4,181",2011
126,강아지똥 ,글: 권정생 ;그림: 정승각,길벗어린이,2012,,9.78899E+12,77810,813.6,"4,180",2011
127,식객,허영만 글·그림,김영사,2003-2010,22,9.78893E+12,7810,813.6,"4,176",2011
128,3개의 초감각 =귀신같이 핵심을 꿰뚫어보는 능력 /Break the common sense ,미타니 코지 지음 ;이동희 옮김,다산북스,2009,,9.78899E+12,3320,325.04,"4,153",2011
129,화폐전쟁 ,쑹훙빙 지음 ;차혜정 옮김,랜덤하우스코리아,2008,,9.78893E+12,3320,327.209,"4,146",2011
130,화내지 않는 연습 ,코이케 류노스케 지음 ;양영철 옮김,북이십일 21세기북스,2011,,9.78895E+12,3400,224.3,"4,143",2011
131,책만 보는 바보:이덕무와 그의 벗들 이야기,안소영 지음;강남미 그림,보림출판사,2005,,9.78894E+12,73810,813.6,"4,135",2011
132,플래티나 데이터 =히가시노 게이고 소설 /Platina data ,지은이: 히가시노 게이고 ;옮긴이: 이정환,서울문화사,2011,,9.78893E+12,3830,833.6,"4,132",2011
133,해리포터와 죽음의 성물,조앤 K 롤링 지음 ;최인자 옮김,문학수첩,2007,74,9.78898E+12,4840,843,"4,118",2011
134,개밥바라기별 :황석영 소설 ,황석영,문학동네,2008,,9.78895E+12,3810,813.6,"4,100",2011
135,집안 치우기 ,글: 고대영 ;그림: 김영진,길벗어린이,2010,,9.78896E+12,77810,813.7,"4,096",2011
136,공부하는 독종이 살아남는다 ,이시형 지음,중앙북스,2009,,9.78896E+12,3320,373.4,"4,092",2011
137,바보처럼 공부하고 천재처럼 꿈꿔라:반기문 유엔 사무총장이 세계의 청소년에게 전하는 꿈과 희망의 메시지,신웅진 지음,명진출판,2007,,9.78898E+12,3810,818,"4,083",2011
138,(그림 읽는) CEO :명화에서 배우는 창조의 조건 ,이명옥 지음,북이십일 21세기북스,2008,,9.78895E+12,3320,650.4,"4,069",2011
139,신 :베르나르 베르베르 장편소설,베르나르 베르베르 [지음] ;이세욱 옮김,열린책들,2008-2009,3,9.78893E+12,4860,863,"4,061",2011
140,(시골의사의)아름다운 동행,박경철 지음,웅진씽크빅,2005,2,9.7889E+12,4810,818,"4,053",2011
141,딴지돌이 영화 타고 우주로 가다:스타워즈에서 우주전쟁까지 유쾌발랄 영화 속 우주이야기,이재진 지음,이제이북스,2005,,9.78896E+12,3400,443,"4,045",2011
141,낯익은 타인들의 도시 :최인호 장편소설 ,지은이: 최인호,여백미디어,2011,,9.78896E+12,3810,813.62,"4,045",2011
143,남한산성:김훈 장편소설,김훈,학고재,2007,,9.78896E+12,3810,813.6,"4,040",2011
144,손 큰 할머니의 만두 만들기 ,글: 채인선 ;그림: 이억배,재미마주,1998,,9.78899E+12,73810,813.6,"4,026",2011
145,해리포터와 죽음의 성물,조앤 K 롤링 지음 ;최인자 옮김,문학수첩,2007,72,9.78898E+12,4840,843,"4,024",2011
146,좋은 엄마 되기 ,지은이: 데니즈 로이 ;옮긴이: 이혜성,시그마북스,2008,,9.78898E+12,3180,234.9,"4,013",2011
147,웃음과 느림이 답이다,정구영 지음,태웅출판사,2005,,9.78897E+12,3510,517.34,"4,004",2011
148,(문재인의) 운명 ,지은이: 문재인,가교출판,2011,,9.78898E+12,3810,340.99,"3,993",2011
149,삼국유사,일연 지음;김원중 옮김,민음사,2007,,9.78894E+12,3910,911.03,"3,975",2011
150,죽을 때 후회하는 스물다섯 가지 :1000명의 죽음을 지켜본 호스피스 전문의가 말하는 ,오오츠 슈이치 지음 ;황소연 옮김,21세기북스,2010,,9.78895E+12,3180,182.3,"3,974",2011
151,(스스로 놀이를 만들어 가는) 기구운동 ,"저자: 김창욱,이미영",양서원,2010,,9.78896E+12,93370,375.1,"3,973",2011
152,(베르나르 베르베르의) 상상력 사전 :새롭게 증보된 상대적이며 절대적인 지식의 백과사전 ,베르나르 베르베르 지음 ;임호경 옮김,열린책들,2011,,9.78893E+12,3860,868,"3,957",2011
152,로스트 심벌,댄 브라운 지음 ;안종설 옮김,문학수첩,2009,2,9.78898E+12,4840,843,"3,957",2011
154,해리포터와 죽음의 성물,조앤 K 롤링 지음 ;최인자 옮김,문학수첩,2007,73,9.78898E+12,4840,843,"3,948",2011
155,3시간 수면법,후지모도 겐고 지음;최운권 옮김,백만문화사,2007,,9.78899E+12,3170,181.383,"3,940",2011
156,뿌리 깊은 나무 :이정명 장편소설 ,이정명,밀리언하우스,2007,2,9.78899E+12,4810,813.6,"3,894",2011
157,위저드 베이커리 =구병모 장편소설 /Wizard bakery ,지은이: 구병모,창비,2009,,9.78894E+12,3810,813.7,"3,875",2011
158,식객,허영만 글·그림,김영사,2003-2010,18,9.78893E+12,7810,813.6,"3,868",2011
158,손톱 깨물기 ,글: 고대영 ;그림: 김영진,길벗어린이,2008,,9.78896E+12,77810,813.6,"3,868",2011
160,살아온 기적 살아갈 기적 :장영희 에세이 ,장영희,샘터사,2009,,9.78895E+12,3810,814.6,"3,867",2011
161,식객,허영만 글·그림,김영사,2003-2010,20,9.78893E+12,7810,813.6,"3,856",2011
162,명탐정 셜록 홈즈의 모험,아서 코난 도일 지음;노경해 그림,글송이,2004,1,9.78896E+12,74840,843,"3,851",2011
163,소란한 보통날 ,에쿠니 가오리 지음 ;김난주 옮김,태일소담,2011,,9.78897E+12,3830,833.6,"3,848",2011
164,4001,지은이: 신정아,사월의책,2011,,9.789E+12,3810,818,"3,835",2011
165,난장이가 쏘아올린 작은 공:조세희 소설집,조세희,이성과 힘,2000,,9.789E+12,3810,813.6,"3,834",2011
166,"헬로우, 로봇",로버트 말론 지음;오준호 옮김·감수,북21 을파소,2005,,9.78895E+12,73500,559,"3,812",2011
167,식객,허영만 글·그림,김영사,2003-2010,21,9.78893E+12,7810,813.6,"3,802",2011
168,카지노 :김진명 장편소설 ,지은이: 김진명,새움출판사,2010,,9.78899E+12,3810,813.7,"3,794",2011
169,작은 집이 좋아 :인테리어 디자이너 신경옥이 고친 10~20평대 집을 엿보다 ,신경옥 지음,forbook,2010,,9.78899E+12,13590,595.4,"3,790",2011
170,(박완서 장편소설)그 남자네 집,박완서 지음,현대문학,2004,,9.78897E+12,3810,813.6,"3,775",2011
171,성녀의 구제 :히가시노 게이고 장편 소설 ,지은이: 히가시노 게이고 ;옮긴이: 김난주,재인,2009,,9.78899E+12,3830,833.6,"3,774",2011
172,거짓말 ,글: 고대영 ;그림: 김영진,길벗어린이,2009,,9.78896E+12,77810,813.6,"3,732",2011
173,은교 :박범신 장편소설 ,지은이: 박범신,문학동네,2010,,9.78895E+12,3810,813.62,"3,712",2011
174,두발자전거 배우기 ,글: 고대영 ;그림: 김영진,길벗어린이,2009,,9.78896E+12,77810,813.6,"3,702",2011
175,고령화 가족 :천명관 장편소설 ,지은이: 천명관,문학동네,2010,,9.78895E+12,3810,813.7,"3,699",2011
176,대학생을 위한 NIE 최신 서박사 시사상식 - 2007,서영학 (지은이),고시연구원,2006,,9.78895E+12,3030,,"3,689",2011
177,"공무도하 :사랑아, 강을 건너지 마라 ",지은이: 김훈,문학동네,2009,,9.78895E+12,3810,813.6,"3,688",2011
178,흐르는 강물처럼 =Like the flowing river ,파울로 코엘료 지음 ;박경희 옮김,문학동네,2008,,9.78895E+12,3890,879,"3,683",2011
179,심리학이 서른 살에게 답하다 :서른 살의 강을 현명하게 건너는 52가지 방법 ,김혜남 지음,웅진씽크빅,2009,,9.7889E+12,3180,186.5,"3,676",2011
180,세상을 잇는 다리,필레몬 스터지스 글;김연수 옮김,문학동네,2006,,9.78895E+12,77840,536,"3,662",2011
181,꼴,허영만 글·그림,위즈덤하우스,2008-2010,2,9.78896E+12,7810,188.1,"3,654",2011
182,식객,허영만 글·그림,김영사,2003-2010,16,9.78893E+12,7810,813.6,"3,651",2011
183,달 샤베트,백희나,스토리보울,2010,,9.789E+12,73810,,"3,644",2011
184,꼴,허영만 글·그림,위즈덤하우스,2008-2010,1,9.78896E+12,7810,188.1,"3,637",2011
185,마시멜로 이야기,"호아킴 데 포사다,정지영 옮김",한국경제신문,2006,,9.78895E+12,3320,325.04,"3,624",2011
185,(쉽고 재미있는)어린이 첫 그림 한자 사전,[글송이]편집부 구성;신재환 그림,글송이,2002,1,9.78896E+12,71710,711.4,"3,624",2011
187,위트 상식사전 special :비범하고 기발하고 유쾌한 반전 ,이동준 지음 ;이관용 그림,보누스,2008,,9.78899E+12,3000,31,"3,610",2011
188,범인 없는 살인의 밤 ,히가시노 게이고 지음 ;유성원 옮김,랜덤하우스코리아,2009,,9.78893E+12,3830,833.6,"3,598",2011
189,식객,허영만 글·그림,김영사,2003-2010,17,9.78893E+12,7810,813.6,"3,584",2011
190,뉴문 :스테프니 메이어 장편소설 ,스테프니 메이어 [지음] ;변용란 옮김,대한교과서,2008,,9.78894E+12,3840,843,"3,582",2011
190,빌딩부자들 =평범한 그들은 어떻게 빌딩부자가 되었나 /(The) rich who own buildings ,성선화 지음,다산북스,2011,,9.78896E+12,3320,327.87,"3,582",2011
192,공효진책 ,지은이: 공효진,북하우스 퍼블리셔스,2010,,9.78896E+12,3810,818,"3,578",2011
193,트와일라잇 :스테프니 메이어 장편소설 ,스테프니 메이어 [지음] ;변용란 옮김,대한교과서,2008,,9.78894E+12,3840,843,"3,577",2011
194,(시골의사의) 주식투자란 무엇인가 ,박경철 지음,웅진씽크빅,2008,1,9.7889E+12,13320,327.856,"3,575",2011
195,이클립스 :스테프니 메이어 장편소설 ,지은이: 스테프니 메이어 ;옮긴이: 윤정숙,북폴리오,2008,,9.78894E+12,3840,843,"3,573",2011
196,(주말마다 떠나는) 52가지 컬러여행,지은이: 김동섭,풍경,2007,,9.789E+12,13980,981.102,"3,565",2011
197,살수,김진명 지음,랜덤하우스중앙,2005,1,9.78896E+12,4810,813.6,"3,564",2011
198,닉 부이치치의 허그 :한계를 껴안다 ,닉 부이치치 지음 ;최종훈 옮김,두란노서원,2010,,9.78895E+12,3230,234.8,"3,548",2011
198,(아기강아지랑) 모양놀이 ,글: 린다 콜 ;옮긴이: 곽정아,효리원,2008,,9.78898E+12,77840,375.1,"3,548",2011
200,넛지 :똑똑한 선택을 이끄는 힘 ,"리처드 탈러,안진환 옮김",웅진씽크빅,2009,,9.7889E+12,3320,321.89,"3,547",2011
1,아프니까 청춘이다 :인생 앞에 홀로 선 젊은 그대에게 ,김난도 지음,쌤앤파커스,2010,,9.78897E+12,3810,199.5,"17,928",2012
2,엄마를 부탁해 :신경숙 장편소설 ,지은이: 신경숙,창비,2008,,9.78894E+12,3810,813.7,"16,825",2012
3,두근두근 내 인생 :김애란 장편소설 ,지은이: 김애란,창비,2011,,9.78894E+12,3810,813.7,"13,157",2012
4,"헬로우, 로봇",로버트 말론 지음;오준호 옮김·감수,북21 을파소,2005,,9.78895E+12,73500,559,"12,715",2012
5,역사야 뭐하니?,담장너머 엮음,온돌,2005,1,9.789E+12,4900,911,"12,288",2012
6,도가니 :공지영 장편소설 ,지은이: 공지영,창비,2009,,9.78894E+12,3810,813.6,"11,816",2012
7,몽실이의 솜사탕 ,글·그림: 요시무라 아키코 ;옮긴이: 권은희,킨더랜드,2008,4,9.78896E+12,73800,375.1,"11,038",2012
8,은교 :박범신 장편소설 ,지은이: 박범신,문학동네,2010,,9.78895E+12,3810,813.62,"11,007",2012
9,"멈추면, 비로소 보이는 것들 :혜민 스님과 함께하는 내 마음 다시보기 ",혜민 지음 ;우창헌 그림,쌤앤파커스,2012,,9.78897E+12,3810,818,"10,881",2012
10,위트 상식사전 special :비범하고 기발하고 유쾌한 반전 ,이동준 지음 ;이관용 그림,보누스,2008,,9.78899E+12,3000,31,"10,853",2012
11,빅 픽처 :더글라스 케네디 장편소설 ,지은이: 더글라스 케네디 ;옮긴이: 조동섭,밝은 세상,2010,,9.78898E+12,3840,843.5,"10,797",2012
12,(주말마다 떠나는) 52가지 컬러여행,지은이: 김동섭,풍경,2007,,9.789E+12,13980,981.102,"10,763",2012
13,정의란 무엇인가 ,저자: 마이클 샌델 ;역자: 이창신,김영사,2010,,9.78893E+12,3330,193,"10,704",2012
14,(조선의 마지막 황녀) 덕혜옹주 :권비영 장편소설 ,지은이: 권비영,다산북스,2010,,9.78896E+12,3810,813.7,"10,660",2012
15,"(시골의사 박경철의) 자기혁명 :시대의 지성, 청춘의 멘토 박경철의 독설충고 ",박경철 지음,웅진씽크빅,2011,,9.7889E+12,3320,325.04,"10,650",2012
16,7년의 밤 :정유정 장편소설 ,지은이: 정유정,은행나무,2011,,9.78896E+12,3810,813.7,"10,571",2012
17,닥치고 정치 :김어준의 명랑시민 정치교본 ,"지은이: 김어준,엮은이: 지승호",푸른숲,2011,,9.78897E+12,3340,340.4,"10,535",2012
18,(아기강아지랑) 모양놀이 ,글: 린다 콜 ;옮긴이: 곽정아,효리원,2008,,9.78898E+12,77840,375.1,"10,501",2012
19,백설공주에게 죽음을 ,넬레 노이하우스 지음 ;김진아 옮김,북로드,2011,,9.78899E+12,3850,853,"10,317",2012
20,(쉽고 재미있는)어린이 첫 그림 한자 사전,[글송이]편집부 구성;신재환 그림,글송이,2002,1,9.78896E+12,71710,711.4,"10,238",2012
21,엄마 수업 :법륜 스님이 들려주는 우리 아이 지혜롭게 키우는 법 ,법륜 지음 ;이순형 그림,한겨례출판,2011,,9.78898E+12,3810,598.1,"10,137",2012
22,만들어 볼까요:장난감,미술작가: 이하림;그림: 이른봄,삼성출판사,2006,3,9.78892E+12,74630,630,"10,136",2012
23,해를 품은 달 :정은궐 장편소설,지은이: 정은궐,파란미디어,2011,1,9.78896E+12,4810,813.7,"9,939",2012
24,(청년 노동자)전태일,위기철 지음;안미영 그림,사계절출판사,2005,27,9.78896E+12,73810,998.3,"9,594",2012
25,어디선가 나를 찾는 전화벨이 울리고 :신경숙 장편소설 ,지은이: 신경숙,문학동네,2010,,9.78895E+12,3810,813.7,"9,226",2012
26,1Q84 :무라카미 하루키 장편소설,지은이: 무라카미 하루키 ;옮긴이: 양윤옥,문학동네,2009-2010,1,9.78895E+12,4830,833.6,"9,184",2012
27,리딩으로 리드하라 =세상을 지배하는 0.1퍼센트의 인문고전 독서법 /Reading lead ,이지성 지음,문학동네,2010,,9.78895E+12,3320,29.4,"9,171",2012
28,해를 품은 달 :정은궐 장편소설,지은이: 정은궐,파란미디어,2011,2,9.78896E+12,4810,813.7,"9,167",2012
29,고구려 :김진명 역사소설,지은이: 김진명,새움출판사,2011-2016,1,9.78899E+12,3810,813.7,"9,126",2012
30,(만화과학상식백과)네가 과학을 알아?,하은정 글;임승희 그림,지식서관,2004,,9.78898E+12,67000,400,"8,978",2012
31,독서 천재가 된 홍대리 :운명을 바꾸는 책 읽기 프로젝트 ,"이지성,정회일 지음",다산북스,2012,,9.78896E+12,3320,29,"8,920",2012
32,고구려 :김진명 역사소설,지은이: 김진명,새움출판사,2011-2016,2,9.78899E+12,3810,813.7,"8,574",2012
33,명탐정 셜록 홈즈의 모험,아서 코난 도일 지음;노경해 그림,글송이,2004,1,9.78896E+12,74840,843,"8,512",2012
34,종이 여자 :기욤 뮈소 장편소설 ,지은이: 기욤 뮈소 ;옮긴이: 전미연,밝은세상,2010,,9.78898E+12,3860,863,"8,325",2012
35,모르는 여인들 :신경숙 소설 ,지은이: 신경숙,문학동네,2011,,9.78895E+12,3810,813.7,"8,143",2012
36,야생동물 구조대,조호상 지음;조광현 그림,사계절출판사,2001,42,9.78897E+12,73810,813.6,"8,107",2012
37,스님의 주례사 :행복한 결혼생활을 위한 남녀 마음 이야기 ,법륜 지음 ;김점선 그림,한겨레출판,2010,,9.78898E+12,3810,591.8,"8,069",2012
38,천사의 부름 :기욤 뮈소 장편소설 ,지은이: 기욤 뮈소 ;옮긴이: 전미연,밝은세상,2011,,9.78898E+12,3860,863,"8,004",2012
39,규장각 각신들의 나날 :정은궐 장편소설,지은이: 정은궐,파란미디어,2009,1,9.78896E+12,4810,813.6,"7,958",2012
40,고구려 :김진명 역사소설,지은이: 김진명,새움출판사,2011-2016,3,9.78899E+12,3810,813.7,"7,936",2012
41,고구려 :김진명 역사소설,지은이: 김진명,새움출판사,2011-2016,4,9.78899E+12,3810,813.7,"7,889",2012
42,바보춤,박상규,사계절,2000,39,9.78897E+12,,,"7,816",2012
43,1Q84 :무라카미 하루키 장편소설,지은이: 무라카미 하루키 ;옮긴이: 양윤옥,문학동네,2009-2010,3,9.78895E+12,4830,833.6,"7,745",2012
44,완득이 :김려령 장편소설 ,김려령,창비,2008,,9.78894E+12,3810,813.6,"7,611",2012
45,박사가 사랑한 수식,오가와 요코 지음;김난주 옮김,이레,2004,,9.78896E+12,3830,833.6,"7,575",2012
46,구해줘:기욤 뮈소 장편소설,기욤 뮈소 지음;윤미연 옮김,밝은세상,2006,,9.78898E+12,3860,863,"7,394",2012
47,어떻게 원하는 것을 얻는가 :13년 연속 와튼스쿨 최고 인기 강의 ,스튜어트 다이아몬드 지음 ;김태훈 옮김,8,2011,,9.78893E+12,3320,325.04,"7,274",2012
48,규장각 각신들의 나날 :정은궐 장편소설,지은이: 정은궐,파란미디어,2009,2,9.78896E+12,4810,813.6,"7,238",2012
49,웃음 :베르나르 베르베르 장편소설,지은이: 베르나르 베르베르 ;옮긴이: 이세욱,열린책들,2011,1,9.78893E+12,4860,863,"7,205",2012
50,땅속에서 과학이 숨쉰다:장순근 박사의 기분 좋은 지질학 토크,장순근 지음,가람기획,2007,,9.78898E+12,3450,450,"7,181",2012
51,노들나루의 누렁이,김상균 지음;최호철 그림,사계절출판사,2000,41,9.78897E+12,73810,813.6,"7,106",2012
52,남자의 물건 :김정운이 제안하는 존재확인의 문화심리학 ,김정운 지음,북이십일 21세기북스,2012,,9.78895E+12,13320,182.2,"7,093",2012
52,1Q84 :무라카미 하루키 장편소설,지은이: 무라카미 하루키 ;옮긴이: 양윤옥,문학동네,2009-2010,2,9.78895E+12,4830,833.6,"7,093",2012
54,생각 버리기 연습 ,코이케 류노스케 지음 ;유윤한 옮김,북이십일 21세기북스,2010,,9.78895E+12,3400,224.3,"7,072",2012
55,김제동이 만나러 갑니다 :살맛나는 세상을 꿈꾸며 ,지은이: 김제동,위즈덤하우스,2011,,9.789E+12,3810,818,"7,020",2012
56,난설헌 :최문희 장편소설 ,지은이: 최문희,다산북스,2011,,9.78896E+12,3810,813.62,"6,918",2012
57,가시고백 :김려령 장편소설 ,지은이: 김려령,비룡소,2012,,9.78895E+12,3810,813.7,"6,904",2012
58,바보 빅터 :17년 동안 바보로 살았던 멘사 회장의 이야기 ,"지은이: 호아킴 데 포사다,레이먼드 조",한국경제신문 한경BP,2018,,9.78895E+12,13840,848,"6,750",2012
59,스티브 잡스 ,지은이: 월터 아이작슨 ;안진환 옮김,민음사,2011,,9.78894E+12,3320,325.099,"6,725",2012
60,(문재인의) 운명 ,지은이: 문재인,가교출판,2011,,9.78898E+12,3810,340.99,"6,710",2012
61,즐거운 나의 집 :공지영 장편소설 ,공지영,푸른숲,2007,,9.78897E+12,3810,813.6,"6,690",2012
62,언론이 조선왕조 500년을 일구었다:조선시대의 언론과 출판,김경수 지음,가람기획,2000,,9.78898E+12,3910,911.05,"6,652",2012
63,신 :베르나르 베르베르 장편소설,베르나르 베르베르 [지음] ;이세욱 옮김,열린책들,2008-2009,1,9.78893E+12,4860,863,"6,542",2012
64,칼릴라와 딤나 ,바이다바 지음 ;이동은 옮김,강,2008,,9.78898E+12,3890,892.52,"6,492",2012
65,아이의 자존감 =Child's self esteem ,"정지은,김민태 지음",지식채널,2011,,9.78895E+12,13590,598.1,"6,488",2012
66,(존 가트맨·최성애 박사의) 내 아이를 위한 감정코칭 ,"지은이: 존 가트맨,조벽",한국경제신문 한경BP,2011,,9.78895E+12,13590,598.1,"6,467",2012
67,절대강자 :이외수의 인생 정면 대결법 ,이외수가 쓰고 ;정태련이 그리다,해냄출판사,2011,,9.78897E+12,97889,818,"6,464",2012
68,(통일 할아버지)문익환,김남일 지음,사계절출판사,2002,28,9.78897E+12,73810,998.3,"6,394",2012
69,나는 아내와의 결혼을 후회한다 :영원히 철들지 않는 남자들의 문화심리학 ,김정운,에스에이엠티유,2009,,9.78899E+12,3180,182.2,"6,391",2012
70,"빌 브라이슨의 아프리카 다이어리 :케냐에서 발견한 아프리카의 맨얼굴, 그리고 몹쓸 웃음 ",빌 브라이슨 지음 ;김소정 옮김,북이십일 21세기북스,2008,,9.78895E+12,3840,983.7502,"6,368",2012
71,자기중심의 인생경영,정연식 지음,웅진씽크빅,2006,,9.7889E+12,13320,325.04,"6,321",2012
72,인간의 본성에 관한 10가지 이론,"레슬리 스티븐슨,박중서 옮김",갈라파고스,2006,,9.78899E+12,3100,114.3,"6,241",2012
73,모멘트 :더글라스 케네디 장편소설 ,지은이: 더글라스 케네디 ;옮긴이: 조동섭,밝은세상,2011,,9.78898E+12,3840,843.5,"6,223",2012
74,용의자 X의 헌신,히가시노 게이고 지음;양억관 옮김,현대문학,2006,,9.78897E+12,3830,833.6,"6,216",2012
75,마당을 나온 암탉 ,황선미 지음 ;김환영 그림,사계절출판사,2007,40,9.78897E+12,73810,813.7,"6,213",2012
76,천년의 금서 :김진명 장편소설 ,지은이: 김진명,새움출판사,2009,,9.78899E+12,3810,813.6,"6,207",2012
77,새벽 거리에서 ,히가시노 게이고 지음 ;양억관 옮김,재인,2011,,9.78899E+12,3830,833.6,"6,092",2012
78,도쿄를 알면 일본어가 보인다 :여행서보다 더 친절한 도쿄 일본어 안내서 ,김현근 지음,북이십일 21세기북스,2008,,9.78895E+12,98740,730,"6,089",2012
79,"그들이 말하지 않는 23가지 :장하준, 더 나은 자본주의를 말하다 ",장하준 지음 ;안세민 옮김,부키,2010,,9.78896E+12,3320,322.01,"6,046",2012
80,뿌리 깊은 나무 :이정명 장편소설 ,이정명,밀리언하우스,2007,1,9.78899E+12,4810,813.6,"6,001",2012
81,불안한 엄마 무관심한 아빠 :3세~15세 자녀를 둔 부모 필독서 ,오은영 지음,웅진씽크빅,2011,,9.7889E+12,13590,598.1,"5,966",2012
82,심학산 아이들,노경실 지음;임향한 그림,사계절출판사,2000,38,9.78897E+12,73810,813.6,"5,956",2012
83,(민족 시인)신동엽,김응교 지음;한병호 그림,사계절출판사,2005,25,9.78896E+12,73810,998.8,"5,950",2012
84,박스 :컨테이너 역사를 통해 본 세계경제학 ,마크 레빈슨 지음 ;김동미 옮김,북이십일 21세기북스,2008,,9.78895E+12,3320,326.36,"5,897",2012
85,웃음 :베르나르 베르베르 장편소설,지은이: 베르나르 베르베르 ;옮긴이: 이세욱,열린책들,2011,2,9.78893E+12,4860,863,"5,891",2012
86,黑山 :김훈 장편소설 ,지은이: 김훈,학고재,2011,,9.78896E+12,3810,813.7,"5,888",2012
87,꿈꾸는 다락방:생생하게 꿈꾸면 이루어진다,이지성 지음,국일출판사,2007,,9.78897E+12,3320,325.04,"5,887",2012
88,너무 친한 친구들 ,넬레 노이하우스 지음 ;김진아 옮김,북로드,2011,,9.78899E+12,3850,853,"5,866",2012
89,현명한 부모는 아이의 마음을 먼저 읽는다,주정일;김중석 그림,샘터사,2006,13,9.78895E+12,4370,598.1,"5,864",2012
90,공지영의 지리산 행복학교 ,지은이: 공지영,오픈하우스,2010,,9.78899E+12,3810,814.7,"5,841",2012
91,안철수의 생각 :우리가 원하는 대한민국의 미래 지도 ,안철수 지음 ;제정임 엮음,김영사,2012,,9.78893E+12,3810,340.4,"5,824",2012
91,"마흔, 논어를 읽어야할 시간 :인생의 굽이길에서 공자를 만나다 ",신정근 지음,북이십일 21세기북스,2011,,9.78895E+12,3320,148.3,"5,824",2012
93,세상을 잇는 다리,필레몬 스터지스 글;김연수 옮김,문학동네,2006,,9.78895E+12,77840,536,"5,790",2012
94,조선의 청백리,이영춘 외지음,가람기획,2003,,9.78898E+12,3910,991.1,"5,714",2012
95,음악가와 친구들=Musicians and their friends,이덕희 지음,가람기획,2002,,9.78898E+12,3600,670.99,"5,701",2012
96,그 후에 :기욤 뮈소 장편소설 ,지은이: 기욤 뮈소 ;옮긴이: 전미연,밝은세상,2010,,9.78898E+12,3860,863,"5,680",2012
97,(이외수의 생존법) 하악하악 ,정태련이 그리고 ;이외수가 쓰다,해냄출판사,2008,,9.78897E+12,3810,818,"5,663",2012
98,해리포터와 불사조 기사단,조앤 K. 롤링 저;최인자 옮김,문학수첩,2003,51,9.78898E+12,4840,843,"5,658",2012
99,바람을 뿌리는 자 ,넬레 노이하우스 지음 ;김진아 옮김,북로드,2012,,9.78899E+12,,853,"5,641",2012
100,못 가본 길이 더 아름답다 :박완서 산문집 ,지은이: 박완서,현대문학,2010,,9.78897E+12,3810,814.62,"5,616",2012
101,딴지돌이 영화 타고 우주로 가다:스타워즈에서 우주전쟁까지 유쾌발랄 영화 속 우주이야기,이재진 지음,이제이북스,2005,,9.78896E+12,3400,443,"5,599",2012
102,"당신, 거기 있어줄래요?:기욤 뮈소 장편소설",기욤 뮈소 [지음];전미연 옮김,밝은세상,2007,,9.78898E+12,3860,863,"5,548",2012
103,코드 그린 =뜨겁고 평평하고 붐비는 세계 /Code green ,토머스 프리드먼 [지음] ;이영민 옮김,북이십일 21세기북스,2008,,9.78895E+12,13320,539.98,"5,546",2012
103,꿈이 있는 거북이는 지치지 않습니다 :김병만 달인정신 ,김병만 지음,실크로드,2011,,9.78899E+12,3040,41,"5,546",2012
105,상실의 시대 :무라카미 하루키 장편소설 ,지은이: 무라카미 하루키 ;옮긴이: 유유정,문학사상사,2008,,9.78897E+12,3830,833.6,"5,509",2012
106,"줄리어스, 어디 있니? ",글·그림: 존 버닝햄 ;옮김: 김정희,현북스,2013,,9.789E+12,77840,843,"5,498",2012
107,마법의 시간여행,메리 폽 어즈번 지음 ;노은정 옮김,비룡소,2002-2018,2,9.78895E+12,73840,843,"5,492",2012
108,주기자 :주진우의 정통시사활극 ,지은이: 주진우,푸른숲,2012,,9.78897E+12,3340,340.4,"5,459",2012
109,백은의 잭 ,지은이: 히가시노 게이고 ;옮긴이: 한성례,씨엘북스,2011,,9.789E+12,3830,833.6,"5,397",2012
110,조영래 - 인권변호사,박상률|한병호,사계절,2005,26,9.78896E+12,73810,,"5,386",2012
111,(과학사 속의)대논쟁 10:과학사에서 가장 격렬했던 열 가지 논쟁에 관한 이야기,핼 헬먼 지음;이충호 옮김,가람기획,2000,,9.78898E+12,3400,404,"5,376",2012
112,죽은 왕녀를 위한 파반느 =박민규 장편소설 /Pavane pour une infante d?funte ,지은이: 박민규,위즈덤하우스,2009,,9.78896E+12,3810,813.6,"5,355",2012
113,3개의 초감각 =귀신같이 핵심을 꿰뚫어보는 능력 /Break the common sense ,미타니 코지 지음 ;이동희 옮김,다산북스,2009,,9.78899E+12,3320,325.04,"5,343",2012
114,파라다이스,베르나르 베르베르 지음 ;임희근 옮김,열린책들,2010,1,9.78893E+12,4860,863,"5,334",2012
115,나쁜 사마리아인들:장하준의 경제학 파노라마,장하준 지음;이순희 옮김,부키,2007,,9.78896E+12,3320,326.211,"5,330",2012
116,위험한 관계 :더글라스 케네디 장편소설 ,지은이: 더글라스 케네디 ;옮긴이: 공경희,밝은세상,2011,,9.78898E+12,3840,843.5,"5,316",2012
117,빌 브라이슨 발칙한 유럽산책 :발칙한 글쟁이의 의외로 훈훈한 여행기 ,빌 브라이슨 지음 ;권상미 옮김,북이십일 21세기북스,2008,,9.78895E+12,3840,982.02,"5,313",2012
118,파리 5구의 여인 :더글라스 케네디 장편소설 ,지은이: 더글라스 케네디 ;옮긴이: 조동섭,밝은세상,2012,,9.78898E+12,3840,843.5,"5,289",2012
119,달콤한 나의 도시:정이현 장편소설,지은이: 정이현,문학과지성사,2006,,9.78893E+12,3810,813.6,"5,279",2012
120,피카소=Pablo Picasso,지엔씨 미디어 [편],지엔씨 미디어,2006,,9.78899E+12,73600,653,"5,274",2012
121,해리포터와 불사조 기사단,조앤 K. 롤링 저;최인자 옮김,문학수첩,2003,54,9.78898E+12,4840,843,"5,253",2012
122,마법의 시간여행,메리 폽 어즈번 지음 ;노은정 옮김,비룡소,2002-2018,3,9.78895E+12,73840,843,"5,250",2012
123,당신 없는 나는? :기욤 뮈소 장편소설 ,지은이: 기욤 뮈소 ;옮긴이: 허지은,밝은세상,2009,,9.78898E+12,3860,863,"5,189",2012
124,(내가 듣고 싶은)과학교실,데이비드 엘리엇 브로디;이충호 옮김,가람기획,2001,,9.78898E+12,3400,400,"5,184",2012
125,영어천재가 된 홍대리 :6개월 만에 영어천재가 된 홍 대리의 특급비밀 ,박정원 지음,다산북스,2009,,9.78899E+12,3320,740.7,"5,173",2012
126,지도 밖으로 행군하라=Marching off the map,한비야 지음,푸른숲,2005,,9.78897E+12,3810,816.6,"5,164",2012
127,"그건, 사랑이었네 :한비야 에세이 ",지은이: 한비야,푸른숲,2009,,9.78897E+12,3810,818,"5,161",2012
128,엄마가 아이를 아프게 한다 :아이를 행복하게 하는 좋은 엄마의 필독서 ,문은희 지음,위즈덤하우스,2011,,9.78899E+12,13590,598.1,"5,156",2012
129,웃음과 느림이 답이다,정구영 지음,태웅출판사,2005,,9.78897E+12,3510,517.34,"5,155",2012
130,"(아침3분, 아름다워지는 습관)호흡다이어트",니시하라 가츠나리 지음;이근아 옮김,넥서스Books,2004,,9.78896E+12,13510,512.57,"5,154",2012
131,책은 도끼다 :박웅현 인문학 강독회 ,지은이: 박웅현,북하우스 퍼블리셔스,2011,,9.78896E+12,3810,1.3,"5,152",2012
132,사랑하기 때문에 :기욤 뮈소 장편소설 ,기욤 뮈소 [지음] ;전미연 옮김,밝은세상,2007,,9.78898E+12,3860,863,"5,149",2012
133,성균관 유생들의 나날 :정은궐 장편소설,지은이: 정은궐,파란미디어,2009,1,9.78896E+12,4810,813.6,"5,125",2012
134,우리집 키친 인테리어:아름다운 집을 위한 특별한 아이디어 100가지,지은이: 슈 로즈;옮긴이: 한유미,아카데미북,2007,,9.78896E+12,13590,595.4,"5,120",2012
135,(한눈에 보는) 만화 성경개관=신약편/(A)survey of the Bible,백금산 글;김종두 그림,부흥과개혁사,2007,,9.78896E+12,3230,233.5,"5,115",2012
136,마법의 시간여행,메리 폽 어즈번 지음 ;노은정 옮김,비룡소,2002-2018,5,9.78895E+12,73840,843,"5,106",2012
137,사라진 소녀들 :안드레아스 빙켈만 장편소설 ,지은이: 안드레아스 빙켈만 ;옮긴이: 서유리,웅진씽크빅,2011,,9.7889E+12,3850,853,"5,097",2012
138,심리의 마스터=To read people,천칭위 지음;김하나 옮김,부글북스,2006,,9.789E+12,3180,182.2,"5,017",2012
139,"하루 15분 정리의 힘 :삶을 다시 사랑하게 되는 공간, 시간, 인맥 정리법 =(The) power of organizing ",윤선현 지음,위즈덤하우스,2012,,9.78896E+12,3320,325.211,"4,975",2012
140,내 심장을 쏴라 :정유정 장편소설 ,지은이: 정유정,은행나무,2009,,9.78896E+12,3810,813.6,"4,961",2012
141,철학이 필요한 시간 :강신주의 인문학 카운슬링 ,강신주 지음,사계절출판사,2011,,9.78896E+12,3100,104,"4,958",2012
142,방황해도 괜찮아 :법륜 스님의 청춘 멘토링 ,법륜 지음 ;박승순 그림,지식채널,2012,,9.78895E+12,3810,199.5,"4,954",2012
143,사랑을 찾아 돌아오다 :기욤 뮈소 장편소설 ,기욤 뮈소 [지음] ;김남주 옮김,밝은세상,2008,,9.78898E+12,3860,863,"4,942",2012
144,(네가 어떤 삶을 살든) 나는 너를 응원할 것이다 :공지영 산문 ,공지영,오픈하우스,2008,,9.789E+12,3800,814.6,"4,941",2012
145,달려라 정봉주 ,정봉주 지음,왕의서재,2011,,9.78899E+12,3340,340.4,"4,929",2012
146,(마흔에 읽는) 손자병법 :내 인생의 전환점 ,강상구 지음,흐름출판,2011,,9.78897E+12,3320,152.27,"4,922",2012
147,마법의 시간여행,메리 폽 어즈번 지음 ;노은정 옮김,비룡소,2002-2018,6,9.78895E+12,73840,843,"4,919",2012
148,오늘 내가 살아갈 이유 ,위지안 지음 ;이현아 옮김,위즈덤하우스,2011,,9.78896E+12,3820,828,"4,896",2012
149,모방범:미야베 미유키 장편소설,미야베 미유키 [지음];양억관 옮김,문학동네,2006,1,9.78895E+12,4830,833.6,"4,895",2012
150,신참자 ,히가시노 게이고 지음 ;김난주 옮김,재인,2012,,9.78899E+12,3830,833.6,"4,894",2012
150,나는 까칠하게 살기로 했다 :상처받지 않고 사람을 움직이는 관계의 심리학 ,양창순 지음,센추리원,2012,,9.789E+12,3320,189.2,"4,894",2012
152,뿌리 깊은 나무 :이정명 장편소설 ,이정명,밀리언하우스,2007,2,9.78899E+12,4810,813.6,"4,884",2012
153,아이의 사생활 =Discovering a child ,EBS 제작팀 지음,지식채널,2009,,9.78895E+12,13590,598.1,"4,875",2012
154,왓칭 =신이 부리는 요술 /Watching ,김상운 지음,정신세계사,2011,,9.78894E+12,3320,181.37,"4,862",2012
155,가이아:살아있는 생명체로서의 지구,제임스 러브록 지음;홍욱희 옮김,갈라파고스,2004,,9.78899E+12,3400,472.5,"4,861",2012
156,내일은 맑을까요 ,뤼스 피욜 글 ;김애련 옮김,비룡소,2001,9,9.78895E+12,73860,863,"4,832",2012
157,"멈추지 마, 다시 꿈부터 써봐 :73개의 꿈을 쓰고 세계에 도전하다 ",김수영 지음,웅진지식하우스,2010,,9.7889E+12,3810,818,"4,821",2012
158,성균관 유생들의 나날 :정은궐 장편소설,지은이: 정은궐,파란미디어,2009,2,9.78896E+12,4810,813.6,"4,813",2012
159,(만화)한국사 바로 보기,이현세 만화;권민정 [공]글,녹색지팡이 & 프레스,2004-2005,7,9.78899E+12,77910,911,"4,812",2012
160,허수아비춤 :조정래 장편소설 ,지은이: 조정래,문학의문학,2010,,9.78894E+12,3810,813.62,"4,796",2012
161,아웃라이어 :성공의 기회를 발견한 사람들 ,말콤 글래드웰 [지음] ;노정태 옮김,김영사,2009,,9.78893E+12,3320,325.04,"4,792",2012
162,고래 :천명관 장편소설 ,천명관 지음,문학동네,2004(2009쇄,,9.78898E+12,3810,813.7,"4,784",2012
163,화차:미야베 미유키 장편소설,미야베 미유키 [지음];박영난 옮김,시아출판사,2006,,9.78898E+12,3830,833.6,"4,770",2012
164,돈으로 살 수 없는 것들 :무엇이 가치를 결정하는가 ,지은이: 마이클 샌델 ;옮긴이: 안기순,미래엔,2012,,9.78894E+12,3330,193,"4,757",2012
165,마법의 시간여행,메리 폽 어즈번 지음 ;노은정 옮김,비룡소,2002-2018,10,9.78895E+12,73840,843,"4,755",2012
166,(만화)한국사 바로 보기,이현세 만화;권민정 [공]글,녹색지팡이 & 프레스,2004-2005,4,9.78899E+12,77910,911,"4,750",2012
167,좋은 엄마 되기 ,지은이: 데니즈 로이 ;옮긴이: 이혜성,시그마북스,2008,,9.78898E+12,3180,234.9,"4,716",2012
168,기나긴 하루 :박완서 소설 ,박완서 지음,문학동네,2012,,9.78895E+12,3810,813.62,"4,711",2012
169,(흔들리는 30대를 위한) 언니의 독설,김미경 지음,북이십일 21세기북스,2011,1,9.78895E+12,3320,325.04,"4,710",2012
170,연금술사,파울로 코엘료 지음;최정수 옮김,문학동네,2001,,9.78898E+12,3860,879,"4,690",2012
171,소년을 위로해줘 :은희경 장편소설 ,지은이: 은희경,문학동네,2010,,9.78895E+12,3810,813.7,"4,688",2012
172,식객,허영만 글·그림,김영사,2003-2010,27,9.78893E+12,7810,813.6,"4,683",2012
173,공중그네:오쿠다 히데오 장편소설,오쿠다 히데오 지음;이영미 옮김,은행나무,2005,,9.78896E+12,3830,833.6,"4,676",2012
174,마법의 시간여행,메리 폽 어즈번 지음 ;노은정 옮김,비룡소,2002-2018,8,9.78895E+12,73840,843,"4,672",2012
175,(베르나르 베르베르의) 상상력 사전 :새롭게 증보된 상대적이며 절대적인 지식의 백과사전 ,베르나르 베르베르 지음 ;임호경 옮김,열린책들,2011,,9.78893E+12,3860,868,"4,670",2012
176,그 아이는 히르벨이었다,페터 헤르틀링 글;고영아 옮김,비룡소,2001,13,9.78895E+12,73850,853,"4,657",2012
177,루루의 양말,세나 게이코 지음;김난주 옮김,비룡소,2000,4,9.78895E+12,77320,833,"4,646",2012
178,삼국유사,일연 지음;김원중 옮김,민음사,2007,,9.78894E+12,3910,911.03,"4,632",2012
179,까사마미식 수납법 :no.001~no.157 ,지은이: 심현주,동아일보사,2011,,9.78897E+12,13590,595.4,"4,625",2012
180,(손지연 장편소설)드보아의 장미,손지연 지음,이가서,2005,2,9.78896E+12,4810,813.6,"4,624",2012
181,브리다 :파울로 코엘료 장편소설 ,지은이: 파울로 코엘료 ;옮긴이: 권미선,문학동네,2010,,9.78895E+12,3890,879,"4,583",2012
182,마법의 시간여행,메리 폽 어즈번 지음 ;노은정 옮김,비룡소,2002-2018,14,9.78895E+12,73840,843,"4,576",2012
183,너는 모른다 :정이현 장편소설 ,지은이: 정이현,문학동네,2009,,9.78895E+12,3810,813.7,"4,570",2012
184,"지금 사랑하지 않는 자, 모두 유죄 :노희경 에세이 ",저자: 노희경,헤르메스미디어,2008,,9.789E+12,3810,814.6,"4,568",2012
185,청춘 불패 :이외수의 소생법 ,지은이:이외수 ;그린이: 정태련,해냄출판사,2009,,9.78897E+12,3810,814.6,"4,555",2012
186,마법의 시간여행,메리 폽 어즈번 지음 ;노은정 옮김,비룡소,2002-2018,12,9.78895E+12,73840,843,"4,552",2012
187,건투를 빈다 :김어준의 정면돌파 인생매뉴얼 ,지은이: 김어준,푸른숲,2008,,9.78897E+12,3810,199.1,"4,524",2012
188,마법의 시간여행,메리 폽 어즈번 지음 ;노은정 옮김,비룡소,2002-2018,30,9.78895E+12,73840,843,"4,516",2012
189,무라카미 하루키 잡문집 ,지은이: 무라카미 하루키 ;옮긴이: 이영미,비채,2011,,9.78899E+12,3830,838,"4,514",2012
190,친절한 복희씨 :박완서 소설집 ,박완서,문학과지성사,2007,,9.78893E+12,3810,813.6,"4,506",2012
191,마법의 시간여행,메리 폽 어즈번 지음 ;노은정 옮김,비룡소,2002-2018,11,9.78895E+12,73840,843,"4,498",2012
192,화차 :미야베 미유키 장편소설 ,지은이: 미야베 미유키 ;옮긴이: 이영미,문학동네,2012,,9.78895E+12,3830,833.6,"4,488",2012
193,3시간 수면법,후지모도 겐고 지음;최운권 옮김,백만문화사,2007,,9.78899E+12,3170,181.383,"4,469",2012
194,시골의사의 부자경제학:경제 원리에 숨겨진 부자들의 투자 비밀,박경철 지음,웅진씽크빅,2006,,9.7889E+12,3320,327.8,"4,456",2012
195,세상에서 제일 힘센 수탉 ,글쓴이: 이호백 ;그린이: 이억배,재미마주,1997,,9.78899E+12,77810,813.6,"4,450",2012
196,고령화 가족 :천명관 장편소설 ,지은이: 천명관,문학동네,2010,,9.78895E+12,3810,813.7,"4,447",2012
197,베베르에게 마흔두 번째 누이가 생긴다고요?,크리스티안 뒤셴 글;심지원 옮김,비룡소,2001,15,9.78895E+12,73860,863,"4,440",2012
198,마법의 시간여행,메리 폽 어즈번 지음 ;노은정 옮김,비룡소,2002-2018,15,9.78895E+12,73840,843,"4,434",2012
199,1026 :김진명 장편소설 ,지은이: 김진명,새움출판사,2010,,9.78899E+12,3810,813.7,"4,428",2012
200,마법의 시간여행,메리 폽 어즈번 지음 ;노은정 옮김,비룡소,2002-2018,13,9.78895E+12,73840,843,"4,426",2012
1,"멈추면, 비로소 보이는 것들 :혜민 스님과 함께하는 내 마음 다시보기 ",혜민 지음 ;우창헌 그림,쌤앤파커스,2012,,9.78897E+12,3810,818,"17,385",2013
2,엄마를 부탁해 :신경숙 장편소설 ,지은이: 신경숙,창비,2008,,9.78894E+12,3810,813.7,"14,381",2013
3,아프니까 청춘이다 :인생 앞에 홀로 선 젊은 그대에게 ,김난도 지음,쌤앤파커스,2010,,9.78897E+12,3810,199.5,"13,608",2013
4,박사가 사랑한 수식,오가와 요코 지음;김난주 옮김,이레,2004,,9.78896E+12,3830,833.6,"13,445",2013
5,천 번을 흔들려야 어른이 된다 :세상에 첫발을 내디딘 어른아이에게 ,김난도 지음,문학동네,2012,,9.78895E+12,3810,199.5,"12,506",2013
6,빅 픽처 :더글라스 케네디 장편소설 ,지은이: 더글라스 케네디 ;옮긴이: 조동섭,밝은 세상,2010,,9.78898E+12,3840,843.5,"12,368",2013
7,두근두근 내 인생 :김애란 장편소설 ,지은이: 김애란,창비,2011,,9.78894E+12,3810,813.7,"11,747",2013
8,7년의 밤 :정유정 장편소설 ,지은이: 정유정,은행나무,2011,,9.78896E+12,3810,813.7,"11,375",2013
9,엄마 수업 :법륜 스님이 들려주는 우리 아이 지혜롭게 키우는 법 ,법륜 지음 ;이순형 그림,한겨례출판,2011,,9.78898E+12,3810,598.1,"10,330",2013
10,나미야 잡화점의 기적 :히가시노 게이고 장편소설 ,지은이: 히가시노 게이고 ;옮긴이: 양윤옥,현대문학,2012,,9.78897E+12,3830,833.6,"10,324",2013
11,꾸뻬 씨의 행복 여행,프랑수아 를로르 지음;오유란 옮김,오래된미래,2004,,9.789E+12,3860,863,"10,287",2013
12,1Q84 :무라카미 하루키 장편소설,지은이: 무라카미 하루키 ;옮긴이: 양윤옥,문학동네,2009-2010,1,9.78895E+12,4830,833.6,"9,137",2013
13,내일은 맑을까요 ,뤼스 피욜 글 ;김애련 옮김,비룡소,2001,9,9.78895E+12,73860,863,"9,105",2013
14,그 아이는 히르벨이었다,페터 헤르틀링 글;고영아 옮김,비룡소,2001,13,9.78895E+12,73850,853,"9,101",2013
15,인간의 본성에 관한 10가지 이론,"레슬리 스티븐슨,박중서 옮김",갈라파고스,2006,,9.78899E+12,3100,114.3,"9,021",2013
16,백설공주에게 죽음을 ,넬레 노이하우스 지음 ;김진아 옮김,북로드,2011,,9.78899E+12,3850,853,"8,896",2013
17,뚱딴지 명언 산책,김우영 글.그림,재능출판,1997,,9.78898E+12,77810,199.1,"8,843",2013
18,습관의 힘 :반복되는 행동이 만드는 극적인 변화 ,찰스 두히그 지음 ;강주헌 옮김,웅진씽크빅,2012,,9.7889E+12,3320,181.845,"8,745",2013
19,7년 후 :기욤 뮈소 장편소설 ,지은이: 기욤 뮈소 ;옮긴이: 임호경,밝은세상,2012,,9.78898E+12,3860,863,"8,669",2013
20,(세친구)율라와 요켈과 예리코,크리스티네 뇌스틀링거 글;김경연 옮김,비룡소,1997,3,9.78895E+12,73850,853,"8,436",2013
21,바람이 분다 당신이 좋다 :이병률 여행산문집 ,지은이: 이병률,달출판사,2012,,9.78899E+12,3810,818,"8,181",2013
22,정의란 무엇인가 ,저자: 마이클 샌델 ;역자: 이창신,김영사,2010,,9.78893E+12,3330,193,"7,994",2013
23,달에게 들려주고 싶은 이야기 :신경숙 짧은 소설 ,지은이: 신경숙,문학동네,2013,,9.78895E+12,3810,813.7,"7,942",2013
24,고령화 가족 :천명관 장편소설 ,지은이: 천명관,문학동네,2010,,9.78895E+12,3810,813.7,"7,888",2013
25,템테이션 :더글라스 케네디 장편소설 ,지은이: 더글라스 케네디 ;옮긴이: 조동섭,밝은세상,2012,,9.78898E+12,3840,843.5,"7,784",2013
26,종이 여자 :기욤 뮈소 장편소설 ,지은이: 기욤 뮈소 ;옮긴이: 전미연,밝은세상,2010,,9.78898E+12,3860,863,"7,777",2013
27,(김미경의) 드림 온 =네 꿈★을 켜라! /Dream on ,지은이: 김미경,쌤앤파커스,2013,,9.78897E+12,3320,325.211,"7,715",2013
28,은교 :박범신 장편소설 ,지은이: 박범신,문학동네,2010,,9.78895E+12,3810,813.62,"7,713",2013
29,고구려 :김진명 역사소설,지은이: 김진명,새움출판사,2011-2016,1,9.78899E+12,3810,813.7,"7,708",2013
30,리딩으로 리드하라 =세상을 지배하는 0.1퍼센트의 인문고전 독서법 /Reading lead ,이지성 지음,문학동네,2010,,9.78895E+12,3320,29.4,"7,670",2013
31,어디선가 나를 찾는 전화벨이 울리고 :신경숙 장편소설 ,지은이: 신경숙,문학동네,2010,,9.78895E+12,3810,813.7,"7,559",2013
32,(조선의 마지막 황녀) 덕혜옹주 :권비영 장편소설 ,지은이: 권비영,다산북스,2010,,9.78896E+12,3810,813.7,"7,488",2013
33,구해줘:기욤 뮈소 장편소설,기욤 뮈소 지음;윤미연 옮김,밝은세상,2006,,9.78898E+12,3860,863,"7,483",2013
34,독서 천재가 된 홍대리 :운명을 바꾸는 책 읽기 프로젝트 ,"이지성,정회일 지음",다산북스,2012,,9.78896E+12,3320,29,"7,145",2013
35,"(시골의사 박경철의) 자기혁명 :시대의 지성, 청춘의 멘토 박경철의 독설충고 ",박경철 지음,웅진씽크빅,2011,,9.7889E+12,3320,325.04,"7,141",2013
36,천사의 부름 :기욤 뮈소 장편소설 ,지은이: 기욤 뮈소 ;옮긴이: 전미연,밝은세상,2011,,9.78898E+12,3860,863,"7,100",2013
37,매스커레이드 호텔 =히가시노 게이고 장편소설 /Masquerade hotel ,지은이: 히가시노 게이고 ;옮긴이: 양윤옥,현대문학,2012,,9.78897E+12,3830,833.6,"7,057",2013
38,고구려 :김진명 역사소설,지은이: 김진명,새움출판사,2011-2016,2,9.78899E+12,3810,813.7,"6,986",2013
39,(趙廷來 大河小說) 太白山脈,저자: 조정래,해냄,2002,1,9.78897E+12,3810,813.6,"6,799",2013
40,고구려 :김진명 역사소설,지은이: 김진명,새움출판사,2011-2016,4,9.78899E+12,3810,813.7,"6,625",2013
41,스님의 주례사 :행복한 결혼생활을 위한 남녀 마음 이야기 ,법륜 지음 ;김점선 그림,한겨레출판,2010,,9.78898E+12,3810,591.8,"6,620",2013
42,어떻게 원하는 것을 얻는가 :13년 연속 와튼스쿨 최고 인기 강의 ,스튜어트 다이아몬드 지음 ;김태훈 옮김,8,2011,,9.78893E+12,3320,325.04,"6,616",2013
43,책은 도끼다 :박웅현 인문학 강독회 ,지은이: 박웅현,북하우스 퍼블리셔스,2011,,9.78896E+12,3810,1.3,"6,596",2013
44,(존 가트맨·최성애 박사의) 내 아이를 위한 감정코칭 ,"지은이: 존 가트맨,조벽",한국경제신문 한경BP,2011,,9.78895E+12,13590,598.1,"6,583",2013
45,1Q84 :무라카미 하루키 장편소설,지은이: 무라카미 하루키 ;옮긴이: 양윤옥,문학동네,2009-2010,3,9.78895E+12,4830,833.6,"6,578",2013
46,"나는 다만, 조금 느릴 뿐이다 :어쩌면 누구나 느끼고 경험하고 사랑했을 이야기 ",강세형 지음,쌤앤파커스,2013,,9.78897E+12,3810,814.7,"6,445",2013
47,철학이 필요한 시간 :강신주의 인문학 카운슬링 ,강신주 지음,사계절출판사,2011,,9.78896E+12,3100,104,"6,376",2013
48,28 :정유정 장편소설 ,지은이: 정유정,은행나무,2013,,9.78896E+12,3810,813.7,"6,367",2013
49,1Q84 :무라카미 하루키 장편소설,지은이: 무라카미 하루키 ;옮긴이: 양윤옥,문학동네,2009-2010,2,9.78895E+12,4830,833.6,"6,342",2013
50,상실의 시대 :무라카미 하루키 장편소설 ,지은이: 무라카미 하루키 ;옮긴이: 유유정,문학사상사,2008,,9.78897E+12,3830,833.6,"6,307",2013
51,고구려 :김진명 역사소설,지은이: 김진명,새움출판사,2011-2016,3,9.78899E+12,3810,813.7,"6,284",2013
52,(지랄발랄 하은맘의) 불량육아 :0~10세 아이 엄마들의 필독서 ,김선미 지음,무한,2012,,9.78896E+12,13370,598.1,"6,266",2013
53,내가 알고 있는 걸 당신도 알게 된다면 :전세계가 주목한 코넬대학교의 인류 유산 프로젝트 ,칼 필레머 지음 ;박여진 옮김,토네이도미디어그룹,2012,,9.78899E+12,3320,331.23,"6,142",2013
54,내 심장을 쏴라 :정유정 장편소설 ,지은이: 정유정,은행나무,2009,,9.78896E+12,3810,813.6,"6,103",2013
55,"하루 15분 정리의 힘 :삶을 다시 사랑하게 되는 공간, 시간, 인맥 정리법 =(The) power of organizing ",윤선현 지음,위즈덤하우스,2012,,9.78896E+12,3320,325.211,"6,086",2013
56,신 :베르나르 베르베르 장편소설,베르나르 베르베르 [지음] ;이세욱 옮김,열린책들,2008-2009,1,9.78893E+12,4860,863,"6,036",2013
57,용의자 X의 헌신,히가시노 게이고 지음;양억관 옮김,현대문학,2006,,9.78897E+12,3830,833.6,"6,017",2013
58,1日1食 :내 몸을 살리는 52일 공복 프로젝트 ,나구모 요시노리 지음 ;양영철 옮김,위즈덤하우스,2012,,9.789E+12,13510,517.52,"5,975",2013
59,고래 :천명관 장편소설 ,천명관 지음,문학동네,2004(2009쇄,,9.78898E+12,3810,813.7,"5,963",2013
60,파리 5구의 여인 :더글라스 케네디 장편소설 ,지은이: 더글라스 케네디 ;옮긴이: 조동섭,밝은세상,2012,,9.78898E+12,3840,843.5,"5,926",2013
61,코드 그린 =뜨겁고 평평하고 붐비는 세계 /Code green ,토머스 프리드먼 [지음] ;이영민 옮김,북이십일 21세기북스,2008,,9.78895E+12,13320,539.98,"5,847",2013
62,모멘트 :더글라스 케네디 장편소설 ,지은이: 더글라스 케네디 ;옮긴이: 조동섭,밝은세상,2011,,9.78898E+12,3840,843.5,"5,808",2013
63,어떻게 살 것인가 ,지은이: 유시민,아름다운사람들,2013,,9.78897E+12,3810,340.4,"5,732",2013
64,달콤한 나의 도시:정이현 장편소설,지은이: 정이현,문학과지성사,2006,,9.78893E+12,3810,813.6,"5,639",2013
65,(얀 마텔 장편소설)파이 이야기,얀 마텔 지음;공경희 옮김,작가정신,2004,,9.78897E+12,3840,843,"5,614",2013
66,그 후에 :기욤 뮈소 장편소설 ,지은이: 기욤 뮈소 ;옮긴이: 전미연,밝은세상,2010,,9.78898E+12,3860,863,"5,575",2013
67,"줄리어스, 어디 있니? ",글·그림: 존 버닝햄 ;옮김: 김정희,현북스,2013,,9.789E+12,77840,843,"5,559",2013
68,"스물아홉 생일, 1년 후 죽기로 결심했다 ",하야마 아마리 지음 ;장은주 옮김,위즈덤하우스,2012,,9.78896E+12,3830,838,"5,520",2013
69,도쿄를 알면 일본어가 보인다 :여행서보다 더 친절한 도쿄 일본어 안내서 ,김현근 지음,북이십일 21세기북스,2008,,9.78895E+12,98740,730,"5,505",2013
70,신참자 ,히가시노 게이고 지음 ;김난주 옮김,재인,2012,,9.78899E+12,3830,833.6,"5,490",2013
71,색채가 없는 다자키 쓰쿠루와 그가 순례를 떠난 해 :무라카미 하루키 장편소설 ,지은이: 무라카미 하루키 ;옮긴이: 양억관,민음사,2013,,9.78894E+12,3830,833.6,"5,457",2013
72,(잠수네 아이들의) 소문난 교육로드맵 :국영수사과 ,이신애 지음,알에이치코리아,2013,,9.78893E+12,4370,373.4,"5,412",2013
73,삼성 컨스피러시 :김진명 장편소설 ,지은이: 김진명,새움출판사,2012,,9.78899E+12,3810,813.7,"5,406",2013
74,"총, 균, 쇠:무기·병균·금속은 인류의 운명을 어떻게 바꿨는가",재레드 다이아몬드 지음;김진준 옮김,문학사상사,2006,,9.78897E+12,3900,389,"5,402",2013
75,해를 품은 달 :정은궐 장편소설,지은이: 정은궐,파란미디어,2011,1,9.78896E+12,4810,813.7,"5,375",2013
76,비행운 :김애란 소설집 ,지은이: 김애란,문학과지성사,2012,,9.78893E+12,3810,813.7,"5,342",2013
77,사랑은 상처를 허락하는 것이다 :공지영 앤솔로지 ,지은이: 공지영,폴라북스,2012,,9.78899E+12,3810,810.81,"5,339",2013
78,"당신, 거기 있어줄래요?:기욤 뮈소 장편소설",기욤 뮈소 [지음];전미연 옮김,밝은세상,2007,,9.78898E+12,3860,863,"5,323",2013
79,사랑받지 못한 여자 :넬레 노이하우스 장편소설 ,지은이: 넬레 노이하우스 ;옮긴이: 김진아,더난콘텐츠그룹,2012,,9.78899E+12,3850,853,"5,308",2013
80,나는 까칠하게 살기로 했다 :상처받지 않고 사람을 움직이는 관계의 심리학 ,양창순 지음,센추리원,2012,,9.789E+12,3320,189.2,"5,283",2013
81,죽음이란 무엇인가 :예일대 17년 연속 최고의 명강의 ,지은이: 셸리 케이건 ;옮긴이: 박세연,웅진씽크빅,2012,,9.7889E+12,3100,126.5,"5,151",2013
82,안철수의 생각 :우리가 원하는 대한민국의 미래 지도 ,안철수 지음 ;제정임 엮음,김영사,2012,,9.78893E+12,3810,340.4,"5,088",2013
83,위험한 관계 :더글라스 케네디 장편소설 ,지은이: 더글라스 케네디 ;옮긴이: 공경희,밝은세상,2011,,9.78898E+12,3840,843.5,"5,082",2013
84,바람을 뿌리는 자 ,넬레 노이하우스 지음 ;김진아 옮김,북로드,2012,,9.78899E+12,,853,"5,060",2013
85,바보 빅터 :17년 동안 바보로 살았던 멘사 회장의 이야기 ,"지은이: 호아킴 데 포사다,레이먼드 조",한국경제신문 한경BP,2018,,9.78895E+12,13840,848,"5,054",2013
86,돈으로 살 수 없는 것들 :무엇이 가치를 결정하는가 ,지은이: 마이클 샌델 ;옮긴이: 안기순,미래엔,2012,,9.78894E+12,3330,193,"5,029",2013
87,웃음 :베르나르 베르베르 장편소설,지은이: 베르나르 베르베르 ;옮긴이: 이세욱,열린책들,2011,1,9.78893E+12,4860,863,"5,016",2013
88,태연한 인생 :은희경 장편소설 ,지은이: 은희경,창비,2012,,9.78894E+12,3810,813.7,"5,003",2013
88,아이의 자존감 =Child's self esteem ,"정지은,김민태 지음",지식채널,2011,,9.78895E+12,13590,598.1,"5,003",2013
90,틀려도 괜찮아,마키타 신지 글;유문조 옮김,토토북,2006,,9.78899E+12,77830,833.6,"4,992",2013
91,생각 버리기 연습 ,코이케 류노스케 지음 ;유윤한 옮김,북이십일 21세기북스,2010,,9.78895E+12,3400,224.3,"4,989",2013
92,도가니 :공지영 장편소설 ,지은이: 공지영,창비,2009,,9.78894E+12,3810,813.6,"4,939",2013
93,미생 :아직 살아 있지 못한 자,지은이: 윤태호,위즈덤하우스 미디어그룹,2018,1,9.78896E+12,17810,810,"4,938",2013
94,규장각 각신들의 나날 :정은궐 장편소설,지은이: 정은궐,파란미디어,2009,1,9.78896E+12,4810,813.6,"4,924",2013
95,사랑하기 때문에 :기욤 뮈소 장편소설 ,기욤 뮈소 [지음] ;전미연 옮김,밝은세상,2007,,9.78898E+12,3860,863,"4,913",2013
96,즐거운 나의 집 :공지영 장편소설 ,공지영,푸른숲,2007,,9.78897E+12,3810,813.6,"4,906",2013
97,정글만리 :조정래 장편소설,저자: 조정래,해냄출판사,2013,1,9.78897E+12,4810,813.62,"4,896",2013
98,남자의 물건 :김정운이 제안하는 존재확인의 문화심리학 ,김정운 지음,북이십일 21세기북스,2012,,9.78895E+12,13320,182.2,"4,895",2013
99,깊은 상처 ,넬레 노이하우스 지음 ;김진아 옮김,더난콘텐츠그룹,2012,,9.78899E+12,3850,853,"4,885",2013
100,해를 품은 달 :정은궐 장편소설,지은이: 정은궐,파란미디어,2011,2,9.78896E+12,4810,813.7,"4,882",2013
101,(흔들리는 30대를 위한) 언니의 독설,김미경 지음,북이십일 21세기북스,2011,1,9.78895E+12,3320,325.04,"4,868",2013
102,소금 :박범신 장편소설 ,지은이: 박범신,한겨레출판,2013,,9.78898E+12,3810,813.62,"4,853",2013
103,사랑을 찾아 돌아오다 :기욤 뮈소 장편소설 ,기욤 뮈소 [지음] ;김남주 옮김,밝은세상,2008,,9.78898E+12,3860,863,"4,844",2013
104,공중그네:오쿠다 히데오 장편소설,오쿠다 히데오 지음;이영미 옮김,은행나무,2005,,9.78896E+12,3830,833.6,"4,841",2013
105,연금술사,파울로 코엘료 지음;최정수 옮김,문학동네,2001,,9.78898E+12,3860,879,"4,818",2013
106,지금 시작하는 인문학 :우리 시대가 알아야 할 최소한의 인문 지식 ,주현성 지음,더좋은책,2012,,9.789E+12,13100,1.3,"4,808",2013
107,나는 죽을 때까지 재미있게 살고싶다 :멋지게 나이 들고 싶은 사람들을 위한 인생의 기술 53 ,이근후 지음 ;김선경 엮음,웅진씽크빅,2013,,9.7889E+12,3810,199.7,"4,788",2013
108,불안한 엄마 무관심한 아빠 :3세~15세 자녀를 둔 부모 필독서 ,오은영 지음,웅진씽크빅,2011,,9.7889E+12,13590,598.1,"4,780",2013
109,너무 친한 친구들 ,넬레 노이하우스 지음 ;김진아 옮김,북로드,2011,,9.78899E+12,3850,853,"4,777",2013
110,제노사이드 =다카노 가즈아키 장편소설 /Genocide ,지은이: 다카노 가즈아키 ;옮긴이: 김수영,황금가지,2012,,9.78896E+12,3830,833.6,"4,771",2013
111,고구려 :김진명 역사소설,지은이: 김진명,새움출판사,2011-2016,5,9.78899E+12,3810,813.7,"4,768",2013
112,당신 없는 나는? :기욤 뮈소 장편소설 ,지은이: 기욤 뮈소 ;옮긴이: 허지은,밝은세상,2009,,9.78898E+12,3860,863,"4,740",2013
113,꿈꾸는 다락방:생생하게 꿈꾸면 이루어진다,이지성 지음,국일출판사,2007,,9.78897E+12,3320,325.04,"4,734",2013
114,모르는 여인들 :신경숙 소설 ,지은이: 신경숙,문학동네,2011,,9.78895E+12,3810,813.7,"4,703",2013
115,달팽이가 느려도 늦지 않다 ,글: 정목,공감,2012,,9.78896E+12,13800,199.1,"4,693",2013
116,예감은 틀리지 않는다 :줄리언 반스 장편소설 ,지은이: 줄리언 반스 ;옮긴이: 최세희,다산북스,2012,,9.78896E+12,3840,843.5,"4,688",2013
117,천년의 금서 :김진명 장편소설 ,지은이: 김진명,새움출판사,2009,,9.78899E+12,3810,813.6,"4,672",2013
118,인생이 빛나는 정리의 마법 ,곤도 마리에 지음 ;홍성민 옮김,더난콘텐츠그룹,2012,,9.78898E+12,3320,595.4,"4,668",2013
119,너의 목소리가 들려 :김영하 장편소설 ,지은이: 김영하,문학동네,2012,,9.78895E+12,3810,813.7,"4,648",2013
120,(흔들리는 30대를 위한) 언니의 독설 ,김미경 지음,북이십일 21세기북스,2012,,9.78895E+12,3320,325.04,"4,646",2013
121,방황해도 괜찮아 :법륜 스님의 청춘 멘토링 ,법륜 지음 ;박승순 그림,지식채널,2012,,9.78895E+12,3810,199.5,"4,645",2013
122,죽은 왕녀를 위한 파반느 =박민규 장편소설 /Pavane pour une infante d?funte ,지은이: 박민규,위즈덤하우스,2009,,9.78896E+12,3810,813.6,"4,632",2013
123,강아지똥 ,글: 권정생 ;그림: 정승각,길벗어린이,2012,,9.78899E+12,77810,813.6,"4,625",2013
124,"나는 아직, 어른이 되려면 멀었다 :청춘의 밤을 꿈을 사랑을 이야기하다 ",강세형 지음,김영사,2010,,9.78893E+12,3810,814.7,"4,605",2013
125,궁극의 아이 =장용민 장편소설 /(The) ultimate child ,지은이: 장용민,문학동네,2013,,9.78895E+12,3810,813.7,"4,523",2013
126,규장각 각신들의 나날 :정은궐 장편소설,지은이: 정은궐,파란미디어,2009,2,9.78896E+12,4810,813.6,"4,522",2013
127,아웃라이어 :성공의 기회를 발견한 사람들 ,말콤 글래드웰 [지음] ;노정태 옮김,김영사,2009,,9.78893E+12,3320,325.04,"4,510",2013
128,부모라면 유대인처럼 =Talmudic education ,고재학 지음,위즈덤하우스,2010,,9.78899E+12,13590,598.1,"4,503",2013
129,까사마미식 수납법 :no.001~no.157 ,지은이: 심현주,동아일보사,2011,,9.78897E+12,13590,595.4,"4,498",2013
130,미생 :아직 살아 있지 못한 자,지은이: 윤태호,위즈덤하우스 미디어그룹,2018,2,9.78896E+12,17810,810,"4,485",2013
131,적을 만들지 않는 대화법 :사람을 얻는 마법의 대화 기술 56 ,샘 혼 지음 ;이상원 옮김,갈매나무,2008,,9.789E+12,3320,802.54,"4,470",2013
132,사랑외전 :이외수의 사랑법 ,"지은이: 이외수,그린이: 정태련",해냄출판사,2012,,9.78897E+12,3810,814.62,"4,465",2013
133,스노우맨 :요 네스뵈 장편소설 ,지은이: 요 네스뵈 ;옮긴이: 노진선,비채,2012,,9.78899E+12,3890,859.82,"4,459",2013
134,영어천재가 된 홍대리 :6개월 만에 영어천재가 된 홍 대리의 특급비밀 ,박정원 지음,다산북스,2009,,9.78899E+12,3320,740.7,"4,423",2013
135,"유수연의 독설 :홀로 독(獨) 불사를 설(?), 가장 나답게 뜨겁게 화려하게 ",유수연 지음,위즈덤하우스,2012,,9.78896E+12,13320,325.04,"4,410",2013
136,여울물 소리 :황석영 장편소설 ,지은이: 황석영,자음과모음,2012,,9.78895E+12,3810,813.62,"4,394",2013
137,완득이 :김려령 장편소설 ,김려령,창비,2008,,9.78894E+12,3810,813.6,"4,392",2013
138,(하루 3시간) 엄마 냄새 ,이현수 지음,김영사,2013,,9.78893E+12,13810,598.1,"4,371",2013
139,시간을 파는 상점 :김선영 장편소설 ,지은이: 김선영,자음과모음,2012,,9.78895E+12,43810,813.7,"4,357",2013
140,(대하역사만화) 박시백의 조선왕조실록,글·그림: 박시백,휴머니스트,2005-2006,2,9.78896E+12,7910,911.05,"4,347",2013
141,정글만리 :조정래 장편소설,저자: 조정래,해냄출판사,2013,2,9.78897E+12,4810,813.62,"4,337",2013
142,가시고백 :김려령 장편소설 ,지은이: 김려령,비룡소,2012,,9.78895E+12,3810,813.7,"4,335",2013
143,개밥바라기별 :황석영 소설 ,황석영,문학동네,2008,,9.78895E+12,3810,813.6,"4,272",2013
144,모방범:미야베 미유키 장편소설,미야베 미유키 [지음];양억관 옮김,문학동네,2006,1,9.78895E+12,4830,833.6,"4,264",2013
145,(흔들리는 30대를 위한) 언니의 독설,김미경 지음,북이십일 21세기북스,2011,2,9.78895E+12,3320,325.04,"4,262",2013
146,우리는 사랑일까:알랭 드 보통 장편소설,알랭 드 보통 지음;공경희 옮김,은행나무,2005,,9.78896E+12,3840,843,"4,261",2013
147,난장이가 쏘아올린 작은 공:조세희 소설집,조세희,이성과 힘,2000,,9.789E+12,3810,813.6,"4,246",2013
148,패러독스 13 =Paradox 13 ,히가시노 게이고 지음 ;이혁재 옮김,재인,2012,,9.78899E+12,3830,833.6,"4,239",2013
149,장사의 神 ,우노 다카시 지음 ;김문정 옮김,쌤앤파커스,2012,,9.78897E+12,3320,325.21,"4,236",2013
150,"하루 10분, 내 아이를 생각하다 :소아청소년정신과 전문의 서천석의 '트윗 육아' ",서천석 지음,서울문화사,2011,,9.78893E+12,13590,598.1,"4,220",2013
151,마당을 나온 암탉 ,황선미 지음 ;김환영 그림,사계절출판사,2007,40,9.78897E+12,73810,813.7,"4,214",2013
152,콰이어트 =시끄러운 세상에서 조용히 세상을 움직이는 힘 /Quiet ,수전 케인 지음 ;김우열 옮김,알에이치코리아,2012,,9.78893E+12,3320,182.12,"4,134",2013
153,인페르노,댄 브라운 지음 ;안종설 옮김,문학수첩,2013,1,9.78898E+12,3840,843.6,"4,118",2013
154,(통일 할아버지)문익환,김남일 지음,사계절출판사,2002,28,9.78897E+12,73810,998.3,"4,110",2013
155,마법의 시간여행,메리 폽 어즈번 지음 ;노은정 옮김,비룡소,2002-2018,2,9.78895E+12,73840,843,"4,099",2013
156,꿈이 있는 아내는 늙지 않는다,김미경 지음,명진출판,2007,,9.78898E+12,3810,337.04,"4,098",2013
157,화차 :미야베 미유키 장편소설 ,지은이: 미야베 미유키 ;옮긴이: 이영미,문학동네,2012,,9.78895E+12,3830,833.6,"4,076",2013
158,정글만리 :조정래 장편소설,저자: 조정래,해냄출판사,2013,3,9.78897E+12,4810,813.62,"4,045",2013
159,세상에서 제일 힘센 수탉 ,글쓴이: 이호백 ;그린이: 이억배,재미마주,1997,,9.78899E+12,77810,813.6,"4,044",2013
160,손 큰 할머니의 만두 만들기 ,글: 채인선 ;그림: 이억배,재미마주,1998,,9.78899E+12,73810,813.6,"4,038",2013
161,식객,허영만 글·그림,김영사,2003-2010,27,9.78893E+12,7810,813.6,"4,019",2013
162,파라다이스,베르나르 베르베르 지음 ;임희근 옮김,열린책들,2010,1,9.78893E+12,4860,863,"4,014",2013
163,"프랑스 아이처럼 :아이, 엄마, 가족이 모두 행복한 프랑스식 육아 ",파멜라 드러커맨 지음 ;이주혜 옮김,북하이브,2012,,9.78893E+12,3320,598.1,"4,007",2013
164,지도 밖으로 행군하라=Marching off the map,한비야 지음,푸른숲,2005,,9.78897E+12,3810,816.6,"3,986",2013
165,가족의 두 얼굴 =Two faces of my family ,최광현 지음,부키,2012,,9.78896E+12,3180,189.24,"3,981",2013
166,왓칭 =신이 부리는 요술 /Watching ,김상운 지음,정신세계사,2011,,9.78894E+12,3320,181.37,"3,980",2013
167,나는 내일을 기다리지 않는다 :잠자는 열정을 깨우는 강수진의 인생수업 ,지은이: 강수진,인플루엔셜,2013,,9.789E+12,13320,685.04,"3,979",2013
168,웃음 :베르나르 베르베르 장편소설,지은이: 베르나르 베르베르 ;옮긴이: 이세욱,열린책들,2011,2,9.78893E+12,4860,863,"3,978",2013
169,왜 나는 너를 사랑하는가,알랭 드 보통 [지음];정영목 옮김,청미래,2007,,9.78899E+12,3840,843,"3,976",2013
170,막다른 골목의 추억 ,지은이: 요시모토 바나나 ;옮긴이: 김난주,민음사,2012,,9.78894E+12,3830,833.6,"3,972",2013
171,해리포터와 비밀의 방,조앤 K. 롤링 지음;김혜원 옮김,문학수첩,2000,22,9.78898E+12,4840,843,"3,964",2013
172,만희네 집,글·그림: 권윤덕,길벗어린이,2006,,9.78899E+12,77810,813.6,"3,952",2013
173,"마흔, 논어를 읽어야할 시간 :인생의 굽이길에서 공자를 만나다 ",신정근 지음,북이십일 21세기북스,2011,,9.78895E+12,3320,148.3,"3,944",2013
174,마법의 설탕 두 조각,미카엘 엔데 글;유혜자 옮김,한길사,2001,,9.78894E+12,74850,853,"3,942",2013
175,나의 삼촌 브루스 리 :천명관 장편소설,지은이: 천명관,위즈덤하우스,2012,1,9.78896E+12,3810,813.7,"3,938",2013
176,"멈추지 마, 다시 꿈부터 써봐 :73개의 꿈을 쓰고 세계에 도전하다 ",김수영 지음,웅진지식하우스,2010,,9.7889E+12,3810,818,"3,924",2013
177,"작은 아파트 인테리어 =15평부터 33평까지, 획일적인 공간을 유니크하게! /Unique apartment ",지은이: 김은진,그리고책,2011,,9.78899E+12,13590,595.4,"3,919",2013
178,아이의 사생활 =Discovering a child ,EBS 제작팀 지음,지식채널,2009,,9.78895E+12,13590,598.1,"3,914",2013
179,사랑의 기초 :정이현 장편소설 /Foundation of love : a couple's story ,지은이: 정이현,문학동네,2012,,9.78895E+12,4840,813.7,"3,906",2013
180,"채소의 기분, 바다표범의 키스 :두번째 무라카미 라디오 ",무라카미 하루키 [지음] ;권남희 옮김,비채,2012,,9.78899E+12,3830,834,"3,893",2013
181,마법의 시간여행,메리 폽 어즈번 지음 ;노은정 옮김,비룡소,2002-2018,3,9.78895E+12,73840,843,"3,891",2013
182,못 가본 길이 더 아름답다 :박완서 산문집 ,지은이: 박완서,현대문학,2010,,9.78897E+12,3810,814.62,"3,885",2013
183,마법의 순간 ,파울로 코엘료 지음 ;김미나 [옮김],자음과모음,2013,,9.78895E+12,3800,199.1,"3,878",2013
184,64,요코야마 히데오 지음 ;최고은 옮김,시공사,2013,,9.78895E+12,3830,833.6,"3,875",2013
185,아기가 잘 먹는 이유식은 따로 있다 - 파워블로거 마더스고양이의 이유식 체험 실전서,김정미,레시피팩토리,2010,,9.789E+12,13590,,"3,863",2013
186,리빙 더 월드 :더글라스 케네디 장편소설 ,지은이: 더글라스 케네디 ;옮긴이: 공경희,밝은세상,2013,,9.78898E+12,3840,843.5,"3,858",2013
187,조영래 - 인권변호사,박상률|한병호,사계절,2005,26,9.78896E+12,73810,,"3,856",2013
188,김미경의 아트 스피치 :대한민국 말하기 교과서 ,김미경 지음,북이십일 21세기북스,2010,,9.78895E+12,13320,802.5,"3,855",2013
189,독서 천재가 된 홍대리,이지성 지음,다산북스,2012,2,9.78896E+12,14320,29,"3,850",2013
190,미생 :아직 살아 있지 못한 자,지은이: 윤태호,위즈덤하우스 미디어그룹,2018,3,9.78896E+12,17810,810,"3,835",2013
191,똑똑한 수납 :30일만에 기적처럼 넓어지는 공간! ,지은이: 조윤경,웅진씽크빅,2011,,9.7889E+12,13590,595.4,"3,828",2013
192,손톱 깨물기 ,글: 고대영 ;그림: 김영진,길벗어린이,2008,,9.78896E+12,77810,813.6,"3,812",2013
193,(대하역사만화) 박시백의 조선왕조실록,글·그림: 박시백,휴머니스트,2005-2006,1,9.78896E+12,7910,911.05,"3,802",2013
194,의자놀이 :공지영의 첫 르포르타주 쌍용자동차 이야기 ,공지영 지음,휴머니스트 출판그룹,2012,,9.78896E+12,3810,818,"3,801",2013
195,4개의 통장 :평범한 사람이 목돈을 만드는 가장 빠른 시스템 ,고경호 지음,다산북스,2009,,9.78899E+12,3320,327.04,"3,800",2013
196,전셋집 인테리어 =전셋집을 내 집처럼 꾸미는 방법 /Nomad interior ,김동현 지음,미호,2012,,9.78895E+12,13590,595.4,"3,798",2013
197,당신의 꿈은 무엇입니까 :김수영이 만난 25개국 365개의 꿈 ,김수영 지음,웅진씽크빅,2012,,9.7889E+12,3810,818,"3,797",2013
198,남쪽으로 튀어!:오쿠다 히데오 장편소설,오쿠다 히데오 [지음];양윤옥 옮김,은행나무,2006,1,9.78896E+12,3830,833.6,"3,780",2013
199,(파리의 정신과 의사) 꾸뻬 씨의 우정 여행 ,프랑수아 를로르 지음 ;이은정 옮김,열림원,2011,,9.78897E+12,3860,863,"3,767",2013
200,나쁜 사마리아인들:장하준의 경제학 파노라마,장하준 지음;이순희 옮김,부키,2007,,9.78896E+12,3320,326.211,"3,747",2013
1,(趙庭來 大河小說) 太白山脈,저자: 조정래,해냄,1995,4,9.78897E+12,3810,813.62,"76,557",2014
2,내 이름은 오빠 ,아이하라 히로유키 글 ;김정화 옮김,밝은미래,2009,,9.78899E+12,73830,833.6,"43,819",2014
3,아프리카행 특급열차:이윤아 장편소설,지은이: 이윤아,영상노트,2006,,9.78896E+12,4810,813.6,"23,815",2014
4,정글만리 :조정래 장편소설,저자: 조정래,해냄출판사,2013,1,9.78897E+12,4810,813.62,"19,652",2014
5,(사진과 그림으로 보는)한국사 편지,박은봉 지음;류동필...[등]그림,웅진닷컴,2002-2003,2,9.7889E+12,74910,911,"16,993",2014
6,정글만리 :조정래 장편소설,저자: 조정래,해냄출판사,2013,2,9.78897E+12,4810,813.62,"16,594",2014
7,정글만리 :조정래 장편소설,저자: 조정래,해냄출판사,2013,3,9.78897E+12,4810,813.62,"15,699",2014
8,두근두근 내 인생 :김애란 장편소설 ,지은이: 김애란,창비,2011,,9.78894E+12,3810,813.7,"15,336",2014
9,"멈추면, 비로소 보이는 것들 :혜민 스님과 함께하는 내 마음 다시보기 ",혜민 지음 ;우창헌 그림,쌤앤파커스,2012,,9.78897E+12,3810,818,"14,192",2014
10,박사가 사랑한 수식,오가와 요코 지음;김난주 옮김,이레,2004,,9.78896E+12,3830,833.6,"13,818",2014
11,나미야 잡화점의 기적 :히가시노 게이고 장편소설 ,지은이: 히가시노 게이고 ;옮긴이: 양윤옥,현대문학,2012,,9.78897E+12,3830,833.6,"13,359",2014
12,(趙廷來 大河小說) 太白山脈,저자: 조정래,해냄,2002,6,9.78897E+12,3810,813.6,"12,898",2014
13,28 :정유정 장편소설 ,지은이: 정유정,은행나무,2013,,9.78896E+12,3810,813.7,"12,865",2014
14,엄마를 부탁해 :신경숙 장편소설 ,지은이: 신경숙,창비,2008,,9.78894E+12,3810,813.7,"12,808",2014
15,창문 넘어 도망친 100세 노인 :요나스 요나손 장편소설 ,지은이: 요나스 요나손 ;옮긴이: 임호경,열린책들,2013,,9.78893E+12,3850,859.7,"12,521",2014
16,7년의 밤 :정유정 장편소설 ,지은이: 정유정,은행나무,2011,,9.78896E+12,3810,813.7,"12,471",2014
17,(강신주의) 감정수업 :스피노자와 함께 배우는 인간의 48가지 얼굴 ,지은이: 강신주,민음사,2013,,9.78894E+12,3100,181.7,"11,572",2014
18,꾸뻬 씨의 행복 여행,프랑수아 를로르 지음;오유란 옮김,오래된미래,2004,,9.789E+12,3860,863,"11,127",2014
19,여덟 단어 :인생을 대하는 우리의 자세 ,박웅현 지음,북하우스 퍼블리셔스,2013,,9.78896E+12,3810,818,"10,879",2014
20,빅 픽처 :더글라스 케네디 장편소설 ,지은이: 더글라스 케네디 ;옮긴이: 조동섭,밝은 세상,2010,,9.78898E+12,3840,843.5,"10,783",2014
21,인생 수업 :잘 물든 단풍은 봄꽃보다 아름답다 ,법륜 지음 ;유근택 그림,한겨레출판,2013,,9.78898E+12,3200,199.1,"10,642",2014
22,제3인류 :베르나르 베르베르 장편소설 ,베르나르 베르베르 지음 ;전미연 옮김,열린책들,2013-2016,1,9.78893E+12,4860,863,"10,564",2014
23,미생 :아직 살아 있지 못한 자,지은이: 윤태호,위즈덤하우스 미디어그룹,2018,1,9.78896E+12,17810,810,"10,351",2014
24,내일 :기욤 뮈소 장편소설 ,지은이: 기욤 뮈소 ;옮긴이: 양영란,밝은세상,2013,,9.78898E+12,3860,863,"10,150",2014
25,미생 :아직 살아 있지 못한 자,지은이: 윤태호,위즈덤하우스 미디어그룹,2018,2,9.78896E+12,17810,810,"9,889",2014
26,엄마 수업 :법륜 스님이 들려주는 우리 아이 지혜롭게 키우는 법 ,법륜 지음 ;이순형 그림,한겨례출판,2011,,9.78898E+12,3810,598.1,"9,633",2014
27,높고 푸른 사다리 :공지영 장편소설 ,지은이: 공지영,한겨레출판,2013,,9.78898E+12,3810,813.7,"9,528",2014
28,아프니까 청춘이다 :인생 앞에 홀로 선 젊은 그대에게 ,김난도 지음,쌤앤파커스,2010,,9.78897E+12,3810,199.5,"9,381",2014
29,미생 :아직 살아 있지 못한 자,지은이: 윤태호,위즈덤하우스 미디어그룹,2018,3,9.78896E+12,17810,810,"9,338",2014
30,백설공주에게 죽음을 ,넬레 노이하우스 지음 ;김진아 옮김,북로드,2011,,9.78899E+12,3850,853,"9,315",2014
31,미생 :아직 살아 있지 못한 자,지은이: 윤태호,위즈덤하우스 미디어그룹,2018,4,9.78896E+12,17810,810,"9,231",2014
32,미 비포 유 ,조조 모예스 지음 ;김선형 옮김,살림,2013,,9.78895E+12,3840,843.6,"9,126",2014
33,1cm+ =우리 인생에 더하고 싶은 1cm의 □를 찾아서 /일 센티 플러스 ,글: 김은주 ;그림: 양현정,백도씨,2013,,9.78897E+12,3810,818,"9,096",2014
34,미생 :아직 살아 있지 못한 자,지은이: 윤태호,위즈덤하우스 미디어그룹,2018,5,9.78896E+12,17810,810,"8,870",2014
35,미생 :아직 살아 있지 못한 자,지은이: 윤태호,위즈덤하우스 미디어그룹,2018,6,9.78896E+12,17810,810,"8,848",2014
36,내가 알고 있는 걸 당신도 알게 된다면 :전세계가 주목한 코넬대학교의 인류 유산 프로젝트 ,칼 필레머 지음 ;박여진 옮김,토네이도미디어그룹,2012,,9.78899E+12,3320,331.23,"8,816",2014
37,미생 :아직 살아 있지 못한 자,지은이: 윤태호,위즈덤하우스 미디어그룹,2018,7,9.78896E+12,17810,810,"8,705",2014
38,미생 :아직 살아 있지 못한 자,지은이: 윤태호,위즈덤하우스 미디어그룹,2018,8,9.78896E+12,17810,810,"8,573",2014
39,책은 도끼다 :박웅현 인문학 강독회 ,지은이: 박웅현,북하우스 퍼블리셔스,2011,,9.78896E+12,3810,1.3,"8,513",2014
40,미생 :아직 살아 있지 못한 자,지은이: 윤태호,위즈덤하우스 미디어그룹,2018,9,9.78896E+12,17810,810,"8,379",2014
41,1Q84 :무라카미 하루키 장편소설,지은이: 무라카미 하루키 ;옮긴이: 양윤옥,문학동네,2009-2010,1,9.78895E+12,4830,833.6,"8,201",2014
42,색채가 없는 다자키 쓰쿠루와 그가 순례를 떠난 해 :무라카미 하루키 장편소설 ,지은이: 무라카미 하루키 ;옮긴이: 양억관,민음사,2013,,9.78894E+12,3830,833.6,"8,144",2014
43,(대하역사만화) 박시백의 조선왕조실록,글·그림: 박시백,휴머니스트,2005-2006,2,9.78896E+12,7910,911.05,"7,973",2014
44,고구려 :김진명 역사소설,지은이: 김진명,새움출판사,2011-2016,1,9.78899E+12,3810,813.7,"7,957",2014
45,정의란 무엇인가 ,저자: 마이클 샌델 ;역자: 이창신,김영사,2010,,9.78893E+12,3330,193,"7,944",2014
46,내 심장을 쏴라 :정유정 장편소설 ,지은이: 정유정,은행나무,2009,,9.78896E+12,3810,813.6,"7,916",2014
47,제3인류 :베르나르 베르베르 장편소설 ,베르나르 베르베르 지음 ;전미연 옮김,열린책들,2013-2016,2,9.78893E+12,4860,863,"7,913",2014
48,살인자의 기억법 :김영하 장편소설 ,지은이: 김영하,문학동네,2013,,9.78895E+12,3810,813.7,"7,788",2014
49,나는 까칠하게 살기로 했다 :상처받지 않고 사람을 움직이는 관계의 심리학 ,양창순 지음,센추리원,2012,,9.789E+12,3320,189.2,"7,781",2014
50,7년 후 :기욤 뮈소 장편소설 ,지은이: 기욤 뮈소 ;옮긴이: 임호경,밝은세상,2012,,9.78898E+12,3860,863,"7,780",2014
51,종이 여자 :기욤 뮈소 장편소설 ,지은이: 기욤 뮈소 ;옮긴이: 전미연,밝은세상,2010,,9.78898E+12,3860,863,"7,750",2014
52,구해줘:기욤 뮈소 장편소설,기욤 뮈소 지음;윤미연 옮김,밝은세상,2006,,9.78898E+12,3860,863,"7,651",2014
53,천 번을 흔들려야 어른이 된다 :세상에 첫발을 내디딘 어른아이에게 ,김난도 지음,문학동네,2012,,9.78895E+12,3810,199.5,"7,514",2014
54,"프랑스 아이처럼 :아이, 엄마, 가족이 모두 행복한 프랑스식 육아 ",파멜라 드러커맨 지음 ;이주혜 옮김,북하이브,2012,,9.78893E+12,3320,598.1,"7,306",2014
55,고구려 :김진명 역사소설,지은이: 김진명,새움출판사,2011-2016,2,9.78899E+12,3810,813.7,"7,259",2014
56,인페르노,댄 브라운 지음 ;안종설 옮김,문학수첩,2013,1,9.78898E+12,3840,843.6,"7,215",2014
57,더 잡 :더글라스 케네디 장편소설 ,지은이: 더글라스 케네디 ;옮긴이: 조동섭,밝은세상,2013,,9.78898E+12,,843.5,"7,208",2014
58,(대하역사만화) 박시백의 조선왕조실록,글·그림: 박시백,휴머니스트,2005-2006,1,9.78896E+12,7910,911.05,"7,172",2014
59,(존 가트맨·최성애 박사의) 내 아이를 위한 감정코칭 ,"지은이: 존 가트맨,조벽",한국경제신문 한경BP,2011,,9.78895E+12,13590,598.1,"7,101",2014
60,철학이 필요한 시간 :강신주의 인문학 카운슬링 ,강신주 지음,사계절출판사,2011,,9.78896E+12,3100,104,"7,063",2014
61,신 :베르나르 베르베르 장편소설,베르나르 베르베르 [지음] ;이세욱 옮김,열린책들,2008-2009,1,9.78893E+12,4860,863,"7,055",2014
62,달에게 들려주고 싶은 이야기 :신경숙 짧은 소설 ,지은이: 신경숙,문학동네,2013,,9.78895E+12,3810,813.7,"7,015",2014
63,"총, 균, 쇠:무기·병균·금속은 인류의 운명을 어떻게 바꿨는가",재레드 다이아몬드 지음;김진준 옮김,문학사상사,2006,,9.78897E+12,3900,389,"6,987",2014
64,고구려 :김진명 역사소설,지은이: 김진명,새움출판사,2011-2016,5,9.78899E+12,3810,813.7,"6,965",2014
65,소금 :박범신 장편소설 ,지은이: 박범신,한겨레출판,2013,,9.78898E+12,3810,813.62,"6,932",2014
66,"내가 사랑한 유럽 Top10 :꿈만 꾸어도 좋다, 당장 떠나도 좋다 ",글: 정여울 ;기획·사진제공: 대한항공,홍익출판사,2014,,9.78897E+12,13980,982.02,"6,838",2014
67,(조선의 마지막 황녀) 덕혜옹주 :권비영 장편소설 ,지은이: 권비영,다산북스,2010,,9.78896E+12,3810,813.7,"6,834",2014
68,어떤 하루 ,신준모 지음 ;김진희 그림,프롬북스,2014,,9.78899E+12,3810,818,"6,756",2014
69,우아한 거짓말 :김려령 장편소설 ,김려령,창비,2009,,9.78894E+12,43810,813.7,"6,693",2014
70,노란집 ,지은이: 박완서 ;그린이: 이철원,열림원,2013,,9.78897E+12,3810,814.6,"6,644",2014
71,(지랄발랄 하은맘의) 불량육아 :0~10세 아이 엄마들의 필독서 ,김선미 지음,무한,2012,,9.78896E+12,13370,598.1,"6,630",2014
72,(趙廷來 大河小說) 太白山脈,저자: 조정래,해냄,2002,3,9.78897E+12,3810,813.6,"6,629",2014
73,(주식9단) 서울맛집유랑 :한끼 밥과 한잔 술이 주는 소소한 행복 ,이영승 글·사진,사피엔스21,2012,,9.78897E+12,13980,594.019,"6,570",2014
74,고구려 :김진명 역사소설,지은이: 김진명,새움출판사,2011-2016,3,9.78899E+12,3810,813.7,"6,552",2014
75,천사의 부름 :기욤 뮈소 장편소설 ,지은이: 기욤 뮈소 ;옮긴이: 전미연,밝은세상,2011,,9.78898E+12,3860,863,"6,523",2014
76,(수납의 여왕★털팽이식) 3배속 살림법 ,조윤경 지음,한국물가정보,2013,,9.78896E+12,13590,591,"6,484",2014
77,한여름의 방정식 ,지은이: 히가시노 게이고 ;옮긴이: 이혁재,재인,2014,,9.78899E+12,3830,833.6,"6,434",2014
78,인페르노,댄 브라운 지음 ;안종설 옮김,문학수첩,2013,2,9.78898E+12,3840,843.6,"6,380",2014
79,상실의 시대 :무라카미 하루키 장편소설 ,지은이: 무라카미 하루키 ;옮긴이: 유유정,문학사상사,2008,,9.78897E+12,3830,833.6,"6,370",2014
80,질풍론도 :히가시노 게이고 장편소설 ,히가시노 게이고 [지음] ;권남희 옮김,쌤앤파커스,2014,,9.78897E+12,3830,833.6,"6,360",2014
81,리딩으로 리드하라 =세상을 지배하는 0.1퍼센트의 인문고전 독서법 /Reading lead ,이지성 지음,문학동네,2010,,9.78895E+12,3320,29.4,"6,332",2014
82,(대하역사만화) 박시백의 조선왕조실록,글·그림: 박시백,휴머니스트,2005-2006,3,9.78896E+12,7910,911.05,"6,329",2014
83,나는 죽을 때까지 재미있게 살고싶다 :멋지게 나이 들고 싶은 사람들을 위한 인생의 기술 53 ,이근후 지음 ;김선경 엮음,웅진씽크빅,2013,,9.7889E+12,3810,199.7,"6,289",2014
84,뻐꾸기 알은 누구의 것인가 ,히가시노 게이고 지음 ;김난주 옮김,재인,2013,,9.78899E+12,3830,833.6,"6,224",2014
85,어디선가 나를 찾는 전화벨이 울리고 :신경숙 장편소설 ,지은이: 신경숙,문학동네,2010,,9.78895E+12,3810,813.7,"6,162",2014
86,(대하역사만화) 박시백의 조선왕조실록,글·그림: 박시백,휴머니스트,2005-2006,4,9.78896E+12,7910,911.05,"6,039",2014
86,파이브 데이즈 :더글라스 케네디 장편소설 ,지은이: 더글라스 케네디 ;옮긴이: 조동섭,밝은세상,2013,,9.78898E+12,3840,843.5,"6,039",2014
88,습관의 힘 :반복되는 행동이 만드는 극적인 변화 ,찰스 두히그 지음 ;강주헌 옮김,웅진씽크빅,2012,,9.7889E+12,3320,181.845,"6,029",2014
89,독서 천재가 된 홍대리 :운명을 바꾸는 책 읽기 프로젝트 ,"이지성,정회일 지음",다산북스,2012,,9.78896E+12,3320,29,"5,993",2014
90,예감은 틀리지 않는다 :줄리언 반스 장편소설 ,지은이: 줄리언 반스 ;옮긴이: 최세희,다산북스,2012,,9.78896E+12,3840,843.5,"5,982",2014
91,(대하역사만화)박시백의 조선왕조실록,박시백 글·그림,휴머니스트,2005-2013,5,9.78896E+12,7910,911.05,"5,969",2014
92,다시 아이를 키운다면 :박혜란 할머니가 젊은 부모들에게 주는 맘 편한 육아 이야기 ,박혜란 지음,나무를 심는 사람들,2013,,9.7912E+12,3810,598.1,"5,864",2014
93,강신주의 다상담,강신주 지음,동녘,2013,1,9.78897E+12,4100,186.3,"5,851",2014
94,바람이 분다 당신이 좋다 :이병률 여행산문집 ,지은이: 이병률,달출판사,2012,,9.78899E+12,3810,818,"5,841",2014
95,고령화 가족 :천명관 장편소설 ,지은이: 천명관,문학동네,2010,,9.78895E+12,3810,813.7,"5,832",2014
96,(대하역사만화)박시백의 조선왕조실록,박시백 글·그림,휴머니스트,2005-2013,11,9.78896E+12,7910,911.05,"5,775",2014
97,만희네 집,글·그림: 권윤덕,길벗어린이,2006,,9.78899E+12,77810,813.6,"5,738",2014
98,고구려 :김진명 역사소설,지은이: 김진명,새움출판사,2011-2016,4,9.78899E+12,3810,813.7,"5,730",2014
99,템테이션 :더글라스 케네디 장편소설 ,지은이: 더글라스 케네디 ;옮긴이: 조동섭,밝은세상,2012,,9.78898E+12,3840,843.5,"5,711",2014
100,"줄리어스, 어디 있니? ",글·그림: 존 버닝햄 ;옮김: 김정희,현북스,2013,,9.789E+12,77840,843,"5,693",2014
101,바보 빅터 :17년 동안 바보로 살았던 멘사 회장의 이야기 ,"지은이: 호아킴 데 포사다,레이먼드 조",한국경제신문 한경BP,2018,,9.78895E+12,13840,848,"5,691",2014
102,용의자 X의 헌신,히가시노 게이고 지음;양억관 옮김,현대문학,2006,,9.78897E+12,3830,833.6,"5,689",2014
103,"당신, 거기 있어줄래요?:기욤 뮈소 장편소설",기욤 뮈소 [지음];전미연 옮김,밝은세상,2007,,9.78898E+12,3860,863,"5,679",2014
104,"나는 다만, 조금 느릴 뿐이다 :어쩌면 누구나 느끼고 경험하고 사랑했을 이야기 ",강세형 지음,쌤앤파커스,2013,,9.78897E+12,3810,814.7,"5,672",2014
105,(김미경의) 드림 온 =네 꿈★을 켜라! /Dream on ,지은이: 김미경,쌤앤파커스,2013,,9.78897E+12,3320,325.211,"5,658",2014
106,(하루 3시간) 엄마 냄새 ,이현수 지음,김영사,2013,,9.78893E+12,13810,598.1,"5,650",2014
107,솔로몬의 위증 :미야베 미유키 장편소설 ,지은이: 미야베 미유키 ;옮긴이: 이영미,문학동네,2013,1,9.78895E+12,4830,833.6,"5,645",2014
108,몽환화 :히가시노 게이고 장편소설 ,지은이: 히가시노 게이고 ;옮긴이: 민경욱,비채,2014,,9.79119E+12,3830,833.6,"5,636",2014
109,너는 나에게 상처를 줄 수 없다 :쉽게 상처받는 사람들을 위한 관계 심리학 ,배르벨 바르데츠키 지음 ;두행숙 옮김,웅진씽크빅,2013,,9.7889E+12,3180,189.2,"5,587",2014
110,제3인류 :베르나르 베르베르 장편소설 ,베르나르 베르베르 지음 ;전미연 옮김,열린책들,2013-2016,3,9.78893E+12,4860,863,"5,565",2014
111,까사마미식 수납법 :no.001~no.157 ,지은이: 심현주,동아일보사,2011,,9.78897E+12,13590,595.4,"5,554",2014
112,그 후에 :기욤 뮈소 장편소설 ,지은이: 기욤 뮈소 ;옮긴이: 전미연,밝은세상,2010,,9.78898E+12,3860,863,"5,536",2014
113,매스커레이드 호텔 =히가시노 게이고 장편소설 /Masquerade hotel ,지은이: 히가시노 게이고 ;옮긴이: 양윤옥,현대문학,2012,,9.78897E+12,3830,833.6,"5,517",2014
114,북유럽 =코펜하겐·오슬로·스톡홀름·헬싱키 /Northern Europe ,글·사진: 정기범,시공사,2013,47,9.78895E+12,14980,982.302,"5,515",2014
115,1Q84 :무라카미 하루키 장편소설,지은이: 무라카미 하루키 ;옮긴이: 양윤옥,문학동네,2009-2010,3,9.78895E+12,4830,833.6,"5,501",2014
116,1Q84 :무라카미 하루키 장편소설,지은이: 무라카미 하루키 ;옮긴이: 양윤옥,문학동네,2009-2010,2,9.78895E+12,4830,833.6,"5,425",2014
117,"스물아홉 생일, 1년 후 죽기로 결심했다 ",하야마 아마리 지음 ;장은주 옮김,위즈덤하우스,2012,,9.78896E+12,3830,838,"5,424",2014
118,(대하역사만화)박시백의 조선왕조실록,박시백 글·그림,휴머니스트,2005-2013,6,9.78896E+12,7910,911.05,"5,387",2014
119,틀려도 괜찮아,마키타 신지 글;유문조 옮김,토토북,2006,,9.78899E+12,77830,833.6,"5,353",2014
120,(대하역사만화)박시백의 조선왕조실록,박시백 글·그림,휴머니스트,2005-2013,7,9.78896E+12,7910,911.05,"5,323",2014
121,연금술사,파울로 코엘료 지음;최정수 옮김,문학동네,2001,,9.78898E+12,3860,879,"5,307",2014
122,(대하역사만화)박시백의 조선왕조실록,박시백 글·그림,휴머니스트,2005-2013,12,9.78896E+12,7910,911.05,"5,293",2014
123,(적게 벌어도 잘사는) 여자의 습관 :현실적인 여자가 더 잘사는 이유! 돈이 모이는 생활 속 재테크의 비밀 ,정은길 지음,다산북스,2013,,9.78896E+12,13320,327.04,"5,292",2014
123,어떻게 살 것인가 ,지은이: 유시민,아름다운사람들,2013,,9.78897E+12,3810,340.4,"5,292",2014
125,시간을 파는 상점 :김선영 장편소설 ,지은이: 김선영,자음과모음,2012,,9.78895E+12,43810,813.7,"5,225",2014
126,(어린이)성경이 만든 사람:백화점 왕 워너메이커,"전광,임금선 [공]지음",생명의말씀사,2005,,9.7889E+12,3230,230,"5,210",2014
127,고래 :천명관 장편소설 ,천명관 지음,문학동네,2004(2009쇄,,9.78898E+12,3810,813.7,"5,189",2014
128,(대하역사만화)박시백의 조선왕조실록,박시백 글·그림,휴머니스트,2005-2013,10,9.78896E+12,7910,911.05,"5,179",2014
129,방황하는 칼날 :히가시노 게이고 장편소설 ,히가시노 게이고 지음 ;이선희 옮김,바움,2008,,9.78896E+12,3830,833.6,"5,174",2014
130,세상은 이렇게 시작되었단다,제인 레이 글·그림;이명희 옮김,마루벌,2007,,9.78899E+12,77800,231,"5,162",2014
131,강아지똥 ,글: 권정생 ;그림: 정승각,길벗어린이,2012,,9.78899E+12,77810,813.6,"5,158",2014
132,모멘트 :더글라스 케네디 장편소설 ,지은이: 더글라스 케네디 ;옮긴이: 조동섭,밝은세상,2011,,9.78898E+12,3840,843.5,"5,150",2014
133,(대하역사만화)박시백의 조선왕조실록,박시백 글·그림,휴머니스트,2005-2013,16,9.78896E+12,7910,911.05,"5,142",2014
134,비정근 ,히가시노 게이고 지음 ;김소영 옮김,살림출판사,2013,,9.78895E+12,,833.6,"5,123",2014
135,"(시골의사 박경철의) 자기혁명 :시대의 지성, 청춘의 멘토 박경철의 독설충고 ",박경철 지음,웅진씽크빅,2011,,9.7889E+12,3320,325.04,"5,121",2014
136,어떻게 원하는 것을 얻는가 :13년 연속 와튼스쿨 최고 인기 강의 ,스튜어트 다이아몬드 지음 ;김태훈 옮김,8,2011,,9.78893E+12,3320,325.04,"5,082",2014
137,강신주의 다상담,강신주 지음,동녘,2013,2,9.78897E+12,4100,186.3,"5,079",2014
138,손톱 깨물기 ,글: 고대영 ;그림: 김영진,길벗어린이,2008,,9.78896E+12,77810,813.6,"5,056",2014
139,궁극의 아이 =장용민 장편소설 /(The) ultimate child ,지은이: 장용민,문학동네,2013,,9.78895E+12,3810,813.7,"5,052",2014
140,스님의 주례사 :행복한 결혼생활을 위한 남녀 마음 이야기 ,법륜 지음 ;김점선 그림,한겨레출판,2010,,9.78898E+12,3810,591.8,"5,045",2014
141,원씽 :복잡한 세상을 이기는 단순함의 힘 ,"게리 켈러,구세희 옮김",비즈니스북스,2013,,9.789E+12,13190,325.04,"5,032",2014
142,(대하역사만화)박시백의 조선왕조실록,박시백 글·그림,휴머니스트,2005-2013,8,9.78896E+12,7910,911.05,"5,022",2014
143,마법의 순간 ,파울로 코엘료 지음 ;김미나 [옮김],자음과모음,2013,,9.78895E+12,3800,199.1,"5,021",2014
144,(EBS 다큐프라임) 자본주의 ,EBS MEDIA 기획 ;EBS <자본주의> 제작팀 지음,가나문화콘텐츠,2013,,9.78896E+12,3320,322.01,"5,014",2014
145,소문의 여자 :오쿠다 히데오 장편소설 ,지은이: 오쿠다 히데오 ;옮긴이: 양윤옥,웅진씽크빅,2013,,9.7889E+12,3830,833.6,"4,979",2014
146,엄마는 아들을 너무 모른다 :두려움과 불안을 자신감과 행복으로 바꿔주는 아들 교육법 ,"창랑,박주은 옮김",위즈덤하우스,2014,,9.78899E+12,13590,598.132,"4,946",2014
147,(대하역사만화)박시백의 조선왕조실록,박시백 글·그림,휴머니스트,2005-2013,15,9.78896E+12,7910,911.05,"4,923",2014
148,(대하역사만화)박시백의 조선왕조실록,박시백 글·그림,휴머니스트,2005-2013,14,9.78896E+12,7910,911.05,"4,915",2014
149,사악한 늑대 :넬레 노이하우스 장편소설 ,지은이: 넬레 노이하우스 ;옮긴이: 김진아,더난콘텐츠그룹,2013,,9.79119E+12,3850,853,"4,902",2014
150,허수아비춤 :조정래 장편소설 ,지은이: 조정래,문학의문학,2010,,9.78894E+12,3810,813.62,"4,891",2014
151,(잠수네 아이들의) 소문난 교육로드맵 :국영수사과 ,이신애 지음,알에이치코리아,2013,,9.78893E+12,4370,373.4,"4,889",2014
151,(대하역사만화)박시백의 조선왕조실록,박시백 글·그림,휴머니스트,2005-2013,13,9.78896E+12,7910,911.05,"4,889",2014
153,칭찬 먹으러 가요 ,글: 고대영 ;그림: 김영진,길벗어린이,2012,,9.78896E+12,77810,813.7,"4,878",2014
154,"엄마, 일단 가고봅시다! ",글·사진: 태원준,북로그컴퍼니,2013,,9.78899E+12,4810,980.24,"4,828",2014
155,신 :베르나르 베르베르 장편소설,베르나르 베르베르 [지음] ;이세욱 옮김,열린책들,2008-2009,2,9.78893E+12,4860,863,"4,803",2014
156,다른 모든 눈송이와 아주 비슷하게 생긴 단 하나의 눈송이 :은희경 소설 ,지은이: 은희경,문학동네,2014,,9.78895E+12,3810,813.7,"4,776",2014
157,"3년 후, 세계는 그리고 한국은 :기회에 주목하고 생존에 도전하라 ",공병호 지음,북이십일 21세기북스,2008,,9.78895E+12,13320,321.97,"4,757",2014
158,(대하역사만화)박시백의 조선왕조실록,박시백 글·그림,휴머니스트,2005-2013,9,9.78896E+12,7910,911.05,"4,738",2014
159,사랑하기 때문에 :기욤 뮈소 장편소설 ,기욤 뮈소 [지음] ;전미연 옮김,밝은세상,2007,,9.78898E+12,3860,863,"4,719",2014
160,파리 5구의 여인 :더글라스 케네디 장편소설 ,지은이: 더글라스 케네디 ;옮긴이: 조동섭,밝은세상,2012,,9.78898E+12,3840,843.5,"4,716",2014
161,64,요코야마 히데오 지음 ;최고은 옮김,시공사,2013,,9.78895E+12,3830,833.6,"4,698",2014
162,은교 :박범신 장편소설 ,지은이: 박범신,문학동네,2010,,9.78895E+12,3810,813.62,"4,683",2014
163,공중그네:오쿠다 히데오 장편소설,오쿠다 히데오 지음;이영미 옮김,은행나무,2005,,9.78896E+12,3830,833.6,"4,649",2014
164,아웃라이어 :성공의 기회를 발견한 사람들 ,말콤 글래드웰 [지음] ;노정태 옮김,김영사,2009,,9.78893E+12,3320,325.04,"4,615",2014
165,돈으로 살 수 없는 것들 :무엇이 가치를 결정하는가 ,지은이: 마이클 샌델 ;옮긴이: 안기순,미래엔,2012,,9.78894E+12,3330,193,"4,597",2014
166,"그래도, 사랑 :언젠가 너로 인해 울게 될 것을 알지만 ",정현주 지음,중앙북스,2013,,9.78893E+12,3810,818,"4,590",2014
167,죽은 왕녀를 위한 파반느 =박민규 장편소설 /Pavane pour une infante d?funte ,지은이: 박민규,위즈덤하우스,2009,,9.78896E+12,3810,813.6,"4,570",2014
168,세상에서 제일 힘센 수탉 ,글쓴이: 이호백 ;그린이: 이억배,재미마주,1997,,9.78899E+12,77810,813.6,"4,561",2014
169,역사ⓔ :세상을 깨우는 시대의 기록 ,지은이: EBS 역사채널ⓔ 제작팀,북하우스 퍼블리셔스,2013,,9.78896E+12,3900,911.05,"4,555",2014
170,(상처받지 않고 행복해지는) 관계의 힘 ,레이먼드 조 지음,한국경제신문 한경BP,2013,,9.78895E+12,13320,331.18,"4,544",2014
171,신참자 ,히가시노 게이고 지음 ;김난주 옮김,재인,2012,,9.78899E+12,3830,833.6,"4,530",2014
172,(30초 만에 어색함이 사라지는) 잡담이 능력이다 ,사이토 다카시 지음 ;장은주 옮김,위즈덤하우스,2014,,9.78896E+12,13320,325.26,"4,515",2014
173,먹는 이야기 ,글: 고대영 ;그림: 김영진,길벗어린이,2011,,9.78896E+12,77810,813.7,"4,497",2014
174,나를 찾아줘 :길리언 플린 장편소설 ,지은이: 길리언 플린 ;옮긴이: 강선재,푸른숲,2013,,9.78897E+12,3840,843.6,"4,493",2014
175,월급쟁이 부자들 :부자아빠 없는 당신이 진짜부자 되는 법 ,이명로 지음,스마트북스,2014,,9.79119E+12,13320,327,"4,491",2014
176,다윗과 골리앗 :강자를 이기는 약자의 기술 ,말콤 글래드웰 지음 ;선대인 옮김,21세기북스,2014,,9.78895E+12,13320,325.04,"4,490",2014
177,마법의 설탕 두 조각,미카엘 엔데 글;유혜자 옮김,한길사,2001,,9.78894E+12,74850,853,"4,485",2014
178,스노우맨 :요 네스뵈 장편소설 ,지은이: 요 네스뵈 ;옮긴이: 노진선,비채,2012,,9.78899E+12,3890,859.82,"4,483",2014
179,제3인류 :베르나르 베르베르 장편소설 ,베르나르 베르베르 지음 ;전미연 옮김,열린책들,2013-2016,4,9.78893E+12,4860,863,"4,458",2014
180,서천석의 마음 읽는 시간 :때론 삶이 서툴고 버거운 당신을 위한 110가지 마음 연습 ,지은이: 서천석,김영사,2013,,9.78893E+12,4810,189,"4,432",2014
181,사랑을 찾아 돌아오다 :기욤 뮈소 장편소설 ,기욤 뮈소 [지음] ;김남주 옮김,밝은세상,2008,,9.78898E+12,3860,863,"4,422",2014
182,(대하역사만화) 박시백의 조선왕조실록,글·그림: 박시백,휴머니스트 출판그룹,2011-2013,19,9.78896E+12,7910,911.05,"4,419",2014
183,왜 나는 너를 사랑하는가,알랭 드 보통 [지음];정영목 옮김,청미래,2007,,9.78899E+12,3840,843,"4,379",2014
184,살아 있는 뜨거움 ,김미경 지음,북이십일 21세기북스,2014,,9.78895E+12,3810,199.1,"4,367",2014
185,당신 없는 나는? :기욤 뮈소 장편소설 ,지은이: 기욤 뮈소 ;옮긴이: 허지은,밝은세상,2009,,9.78898E+12,3860,863,"4,365",2014
186,공부하는 힘 :몰입 전문가 황농문 교수가 전하는 궁극의 학습법 ,황농문 지음,위즈덤하우스,2013,,9.78896E+12,13320,325.37,"4,360",2014
187,손 큰 할머니의 만두 만들기 ,글: 채인선 ;그림: 이억배,재미마주,1998,,9.78899E+12,73810,813.6,"4,357",2014
188,"하루 15분 정리의 힘 :삶을 다시 사랑하게 되는 공간, 시간, 인맥 정리법 =(The) power of organizing ",윤선현 지음,위즈덤하우스,2012,,9.78896E+12,3320,325.211,"4,353",2014
189,"안녕, 내 모든것 :정이현 장편소설 ",지은이: 정이현,창비,2013,,9.78894E+12,3810,813.7,"4,333",2014
190,(대하역사만화) 박시백의 조선왕조실록,글·그림: 박시백,휴머니스트 출판그룹,2011-2013,20,9.78896E+12,7910,911.05,"4,313",2014
191,꿈꾸는 다락방:생생하게 꿈꾸면 이루어진다,이지성 지음,국일출판사,2007,,9.78897E+12,3320,325.04,"4,312",2014
192,생명이 있는 것은 다 아름답다,최재천 지음,효형출판,2003,,9.78899E+12,3810,814.6,"4,309",2014
193,"돈이 모이는 생활의 법칙 =종잣돈, 내집 장만, 알뜰 육아를 위한 작은돈 굴리기 프로젝트 /Daily life habits making money ",짠돌이카페 슈퍼짠 9인 지음,길벗,2014,,9.78897E+12,13320,327.04,"4,307",2014
194,(소아정신과 의사 서천석의) 아이와 함께 자라는 부모 ,서천석 지음,창비,2013,,9.78894E+12,13590,598.1,"4,300",2014
195,"나는 돈이 없어도 경매를 한다 =서른아홉 살, 경매를 만나고 3년 만에 21채 집주인이 되었다! /Real estate auction starting with a little money ",이현정 지음,길벗,2013,,9.78897E+12,13320,327.87,"4,298",2014
196,부모라면 유대인처럼 =Talmudic education ,고재학 지음,위즈덤하우스,2010,,9.78899E+12,13590,598.1,"4,274",2014
197,(지랄발랄 하은맘의) 닥치고 군대 육아 ,김선미 지음,RHK(알에이치코리아),2014,,9.78893E+12,13370,598.1,"4,266",2014
198,"초등 1학년 공부, 책읽기가 전부다 ",송재환 지음,위즈덤하우스,2013,,9.78899E+12,13590,29.8,"4,257",2014
199,리빙 더 월드 :더글라스 케네디 장편소설 ,지은이: 더글라스 케네디 ;옮긴이: 공경희,밝은세상,2013,,9.78898E+12,3840,843.5,"4,256",2014
200,즐거운 나의 집 :공지영 장편소설 ,공지영,푸른숲,2007,,9.78897E+12,3810,813.6,"4,246",2014
